Unnamed: 0,Last modified: 2012-02-17,Unnamed: 2,f,Unnamed: 4,Unnamed: 5,Unnamed: 6,Unnamed: 7,Unnamed: 8,Unnamed: 9,Unnamed: 10,Unnamed: 11
,Version: 5.20120314,,,,,,,,,,
CCE ID,CCE Description,CCE Parameters,CCE Technical Mechanisms,,Old v4 CCE ID,NIST SCAP Microsoft Internet Explorer Version 7.0 OVAL(SCAP-IE7-OVAL-Beta-v3.xml),NIST SCAP Microsoft Internet Explorer Version 7.0 XCCDF (SCAP-IE7-XCCDF-Beta-v3.xml,FDCC IE7 XCCDF (fdcc-accepted-content-20080110\fdcc-ie7-xccdf.xml),FDCC IE7 OVAL (fdcc-accepted-content-20080110\fdcc-ie7-oval.xml,USGCB XCCDF (USGCB-Windows-ie7-xccdf),USGCB OVAL (USGCB-Windows-ie7-oval)
CCE-4017-0,"The ""Security Zones: Use Only Machine Settings"" setting should be configured correctly.",  enabled/disabled,"HKEY_LOCAL_MACHINE\Software\Policies\Microsoft\Windows\CurrentVersion\Internet Settings\Use_HKLM_only 
Local Internet Options: 
GPO Settings:[Computer Configuration | User Configuration]/Network/Internet Explorer
Registry Keys:[HKLM | HKCU]\Software\Policies\Microsoft\Windows\CurrentVersion\Internet Settings\Security_HKLM_only",,CCE-5,"oval:org.mitre.oval:def:1277, oval:org.mitre.oval:def:2050","UseOnlyMachineSettings-LocalComputer, UseOnlyMachineSettings-LocalComputer-Disabled",use_only_machine_settings_local_computer,oval:gov.nist.fdcc.ie7:def:1277,,
CCE-3924-8,Internet Explorer Processes (Restrict ActiveX Install),  enabled/disabled,"HKLM\Software\Policies\Microsoft\Internet Explorer\Main\FeatureControl\FEATURE_RESTRICT_ACTIVEXINSTALL\(Reserved) 
HKLM\Software\Policies\Microsoft\Internet Explorer\Main\FeatureControl\FEATURE_RESTRICT_ACTIVEXINSTALL\explorer.exe
 HKLM\Software\Policies\
Local Internet Options: 
GPO Settings:[Computer Configuration | User Configuration]/Network/Internet Explorer/Internet Control Panel/Security Features/Restrict ActiveX Install
Registry Keys:[HKLM | HKCU]\Software\Policies\Microsoft\Internet Explorer\Main\FeatureControl\FEATURE_RESTRICT_ACTIVEXINSTALL\(Reserved)
 [HKLM | HKCU]\Software\Policies\Microsoft\Internet Explorer\Main\FeatureControl\FEATURE_RESTRICT_ACTIVEXINSTALL\explorer.exe
[HKLM | HKCU]\Software\Policies\Microsoft\Internet Explorer\Main\FeatureControl\FEATURE_RESTRICT_ACTIVEXINSTALL\iexplore.exe",,CCE-119,oval:org.mitre.oval:def:658,IEProcesses-RestrictActiveXInstall-LocalComputer,IEProcesses_RestrictActiveXInstall_LocalComputer,oval:gov.nist.fdcc.ie7:def:658,,
CCE-3929-7,"The ""Security Zones: Do Not Allow Users to Add/Delete Sites"" setting should be configured correctly.",  enabled/disabled,"HKEY_LOCAL_MACHINE\Software\Policies\Microsoft\Windows\CurrentVersion\Internet Settings\Security_Zones_Map_Edit
Local Internet Options: 
GPO Settings:[Computer Configuration | User Configuration]/Network/Internet Explorer
Registry Keys:[HKLM | HKCU]\Software\Policies\Microsoft\Windows\CurrentVersion\Internet Settings\Security_zones_map_edit",,CCE-146,oval:org.mitre.oval:def:1400,DoNotAllowUsersAddDeleteSites-LocalComputer,DoNotAllowUsersAddDeleteSites_LocalComputer,oval:gov.nist.fdcc.ie7:def:1400,,
CCE-3576-6,"The ""Disable Periodic Check For Internet Explorer Software Updates"" setting should be configured correctly.",  enabled/disabled," HKEY_LOCAL_MACHINE\Software\Policies\Microsoft\Internet Explorer\InfoDelivery\Restrictions\NoUpdateCheck
Local Internet Options: 
GPO Settings:[Computer Configuration | User Configuration]/Network/Internet Explorer
Registry Keys:[HKLM | HKCU]\Software\Policies\Microsoft\Internet Explorer\Infodelivery\Restrictions\NoUpdateCheck",,CCE-212,oval:org.mitre.oval:def:1357,DisablePeriodicCheckForIESoftwareUpdates-LocalComputer,DisablePeriodicCheckForIESoftwareUpdates_LocalComputer,oval:gov.nist.fdcc.ie7:def:1357,,
CCE-4043-6,Internet Explorer Processes (Zone Elevation Protection),enabled/disabled,"HKLM\Software\Policies\Microsoft\Internet Explorer\Main\FeatureControl\FEATURE_ZONE_ELEVATION\(Reserved)
HKLM\Software\Policies\Microsoft\Internet Explorer\Main\FeatureControl\FEATURE_ZONE_ELEVATION\explorer.exe
 HKLM\Software\Policies\Microsoft\Internet
Local Internet Options: 
GPO Settings:[Computer Configuration | User Configuration]/Network/Internet Explorer/Internet Control Panel/Security Features/Protection From Zone Elevation
Registry Keys:[HKLM | HKCU]\Software\Policies\Microsoft\Internet Explorer\Main\FeatureControl\FEATURE_ZONE_ELEVATION\(Reserved)
[HKLM | HKCU]\Software\Policies\Microsoft\Internet Explorer\Main\FeatureControl\FEATURE_ZONE_ELEVATION\explorer.exe
[HKLM | HKCU]\Software\Policies\Microsoft\Internet Explorer\Main\FeatureControl\FEATURE_ZONE_ELEVATION\iexplore.exe",,CCE-347,oval:org.mitre.oval:def:620,,IEProcesses_ProtectionFromZoneElevation_LocalComputer,oval:gov.nist.fdcc.ie7:def:620,,
CCE-4047-7,"The ""Internet Explorer Processes (Consistent MIME Handling)"" setting should be configured correctly.",enabled/disabled,"HKLM\Software\Policies\Microsoft\Internet Explorer\Main\FeatureControl\FEATURE_MIME_HANDLING\(Reserved)
 HKLM\Software\Policies\Microsoft\Internet Explorer\Main\FeatureControl\FEATURE_MIME_HANDLING\explorer.exe
HKLM\Software\Policies\Microsoft\Internet E
Local Internet Options: 
GPO Settings:[Computer Configuration | User Configuration]/Network/Internet Explorer/Internet Control Panel/Security Features/Binary Behavior Security Restriction
 Registry Keys:[HKLM | HKCU]\Software\Policies\Microsoft\Internet Explorer\Main\FeatureControl\FEATURE_MIME_HANDLING\(Reserved)
[HKLM | HKCU]\Software\Policies\Microsoft\Internet Explorer\Main\FeatureControl\FEATURE_MIME_HANDLING\explorer.exe
 [HKLM | HKCU]\Software\Policies\Microsoft\Internet Explorer\Main\FeatureControl\FEATURE_MIME_HANDLING\iexplore.exe",,CCE-382,oval:org.mitre.oval:def:884,IEProcesses-ConsistentMimeHandling-LocalComputer,IEProcesses_ConsistentMimeHandling_LocalComputer,oval:gov.nist.fdcc.ie7:def:884,,
CCE-3941-2,"The ""Allow Software to Run or Install Even if the Signature is Invalid"" setting should be configured correctly.",enabled/disabled,"HKLM\Software\Policies\Microsoft\Internet Explorer\Download\RunInvalidSignatures
Local Internet Options: 
GPO Settings:[Computer Configuration | User Configuration]/Network/Internet Explorer/Internet Control Panel/Advanced Page 
 Registry Keys:[HKLM | HKCU]\Software\Policies\Microsoft\Internet Explorer\Download\RunInvalidSignatures",,CCE-449,"oval:org.mitre.oval:def:680, oval:org.mitre.oval:def:1392","AllowSoftwareRunInstallSignatureInvalid-LocalComputer, AllowSoftwareToRununOrInstallEvenIfSignatureInvalid-LocalUser",AllowSoftwareRunInstallSignatureInvalid_LocalComputer,oval:gov.nist.fdcc.ie7:def:680,,
CCE-3338-1,"The ""Internet Explorer Processes (MK Protocol)"" setting should be configured correctly.",  enabled/disabled,"HKLM\Software\Policies\Microsoft\Internet Explorer\Main\FeatureControl\FEATURE_DISABLE_MK_PROTOCOL\(Reserved)
 HKLM\Software\Policies\Microsoft\Internet Explorer\Main\FeatureControl\FEATURE_DISABLE_MK_PROTOCOL\explorer.exe
 HKLM\Software\Policies\Microsoft
Local Internet Options:
 GPO Settings:[Computer Configuration | User Configuration]/Network/Internet Explorer/Internet Control Panel/Security Features/MK Protocol Security Restriction
 Registry Keys:[HKLM | HKCU]\Software\Policies\Microsoft\Internet Explorer\Main\FeatureControl\FEATURE_DISABLE_MK_PROTOCOL\(Reserved)
 [HKLM | HKCU]\Software\Policies\Microsoft\Internet Explorer\Main\FeatureControl\FEATURE_DISABLE_MK_PROTOCOL\explorer.exe
 [HKLM | HKCU]\Software\Policies\Microsoft\Internet Explorer\Main\FeatureControl\FEATURE_DISABLE_MK_PROTOCOL\iexplore.exe",,CCE-591,oval:org.mitre.oval:def:617,IEProcesses-MKProtocolSecurityRestriction-LocalComputer,IEProcesses_MKProtocolSecurityRestriction_LocalComputer,oval:gov.nist.fdcc.ie7:def:617,,
CCE-4118-6,"The ""Disable Software Update Shell Notifications on Program Launch"" setting should be configured correctly.",  enabled/disabled,"  HKEY_LOCAL_MACHINE\Software\Microsoft\Windows\CurrentVersion\Policies\Explorer\NoMSAppLogo5ChannelNotify
Local Internet Options:
 GPO Settings:[Computer Configuration | User Configuration]/Network/Internet Explorer/Internet Control Panel/Security Features/Restrict File Download
 Registry Keys:[HKLM | HKCU]\Software\Policies\Microsoft\Internet Explorer\Main\FeatureControl\FEATURE_RESTRICT_FILEDOWNLOAD\(Reserved)
 [HKLM | HKCU]\Software\Policies\Microsoft\Internet Explorer\Main\FeatureControl\FEATURE_RESTRICT_FILEDOWNLOAD\explorer.exe
 [HKLM | HKCU]\Software\Policies\Microsoft\Internet Explorer\Main\FeatureControl\FEATURE_RESTRICT_FILEDOWNLOAD\iexplore.exe",,CCE-622,oval:org.mitre.oval:def:1188,DisableSoftwareUpdateShellNotifications-LocalComputer,DisableSoftwareUpdateShellNotifications_LocalComputer,oval:gov.nist.fdcc.ie7:def:1188,,
CCE-4122-8,"The ""Internet Explorer Processes (Restrict File Download)"" setting should be configured correctly.",enabled/disabled,"HKLM\Software\Policies\Microsoft\Internet Explorer\Main\FeatureControl\FEATURE_RESTRICT_FILEDOWNLOAD\(Reserved)
 HKLM\Software\Policies\Microsoft\Internet Explorer\Main\FeatureControl\FEATURE_RESTRICT_FILEDOWNLOAD\explorer.exe
 Local Internet Options:
 GPO Settings:[Computer Configuration | User Configuration]/Network/Internet Explorer/Internet Control Panel/Security Features/Restrict File Download
 Registry Keys:[HKLM | HKCU]\Software\Policies\Microsoft\Internet Explorer\Main\FeatureControl\FEATURE_RESTRICT_FILEDOWNLOAD\(Reserved)
 [HKLM | HKCU]\Software\Policies\Microsoft\Internet Explorer\Main\FeatureControl\FEATURE_RESTRICT_FILEDOWNLOAD\explorer.exe
 [HKLM | HKCU]\Software\Policies\Microsoft\Internet Explorer\Main\FeatureControl\FEATURE_RESTRICT_FILEDOWNLOAD\iexplore.exe",,CCE-668,oval:org.mitre.oval:def:320,IEProcesses-RestrictFileDownload-LocalComputer,IEProcesses_RestrictFileDownload_LocalComputer,oval:gov.nist.fdcc.ie7:def:320,,
CCE-3518-8,"The ""Disable Automatic Install of Internet Explorer Components"" setting should be configured correctly.",  enabled/disabled," HKEY_LOCAL_MACHINE\Software\Policies\Microsoft\Internet Explorer\InfoDelivery\Restrictions\NoJITSetup
Local Internet Options:
 GPO Settings:[Computer Configuration | User Configuration]/Network/Internet Explorer
 Registry Keys:[HKLM | HKCU]\Software\Policies\Microsoft\Internet Explorer\Infodelivery\Restrictions\NoJITSetup",,CCE-684,oval:org.mitre.oval:def:1198,DisableAutomaticInstallOfIEComponents-LocalComputer,DisableAutomaticInstallOfIEComponents_LocalComputer,oval:gov.nist.fdcc.ie7:def:1198,,
CCE-3201-1,"The ""Make Proxy Settings Per-Machine (Rather Then Per-User)"" setting should be configured correctly.",  number of proxy settings,"  HKEY_LOCAL_MACHINE\Software\Policies\Microsoft\Windows\CurrentVersion\Internet Settings\ProxySettingsPerUser
Local Internet Options: GPO Settings:[Computer Configuration | User Configuration]/Network/Internet Explorer
 Registry Keys:[HKLM | HKCU]\Software\Policies\Microsoft\Windows\CurrentVersion\Internet Settings\ProxySettingsPerUser",,CCE-693,oval:org.mitre.oval:def:1181,MakeProxySettingsPerMachine-LocalComputer,MakeProxySettingsPerMachine_LocalComputer,oval:gov.nist.fdcc.ie7:def:1181,,
CCE-3744-0,"The ""Do Not Allow Users to enable or Disable Add-Ons"" setting should be configured correctly.",enabled/disabled,"Local Internet Options: GPO Settings:[Computer Configuration | User Configuration]/Network/Internet Explorer
 Registry Keys:[HKLM | HKCU]\Software\Policies\Microsoft\Internet Explorer\Restrictions\NoExtensionManagement",,CCE-708,"oval:org.mitre.oval:def:1380, oval:org.mitre.oval:def:1358, oval:org.mitre.oval:def:1694","DoNotAllowUsersEnableDisableAddOns-LocalComputer, DoNotAllowUsersEnableDisableAddOns-LocalUser",DoNotAllowUsersEnableDisableAddOns_LocalComputer,oval:gov.nist.fdcc.ie7:def:1694,,
CCE-3894-3,"The ""Turn Off Crash Detection"" setting should be configured correctly.",enabled/disabled,"HKLM\Software\Policies\Microsoft\Internet Explorer\Restrictions\NoCrashDetection
Local Internet Options: GPO Settings:[Computer Configuration | User Configuration]/Network/Internet Explorer
 Registry Keys:[HKLM | HKCU]\Software\Policies\Microsoft\Internet Explorer\Restrictions\NoCrashDetection",,CCE-753,oval:org.mitre.oval:def:487,TurnOffCrashDetection-LocalComputer,TurnOffCrashDetection_LocalComputer,oval:gov.nist.fdcc.ie7:def:487,,
CCE-4162-4,"The ""Internet Explorer Processes (Scripted Window Security Restrictions)"" setting should be configured correctly.",enabled/disabled,"HKLM\Software\Policies\Microsoft\Internet Explorer\Main\FeatureControl\FEATURE_WINDOW_RESTRICTIONS\(Reserved)
 HKLM\Software\Policies\Microsoft\Internet Explorer\Main\FeatureControl\FEATURE_WINDOW_RESTRICTIONS\explorer.exe
 Local Internet Options:
 GPO Settings:[Computer Configuration | User Configuration]/Network/Internet Explorer/Internet Control Panel/Security Features/Scripted Window Security Restrictions
 Registry Keys:[HKLM | HKCU]\Software\Policies\Microsoft\Internet Explorer\Main\FeatureControl\FEATURE_WINDOW_RESTRICTIONS\(Reserved)
 [HKLM | HKCU]\Software\Policies\Microsoft\Internet Explorer\Main\FeatureControl\FEATURE_WINDOW_RESTRICTIONS\explorer.exe
 [HKLM | HKCU]\Software\Policies\Microsoft\Internet Explorer\Main\FeatureControl\FEATURE_WINDOW_RESTRICTIONS\iexplore.exe",,CCE-827,oval:org.mitre.oval:def:465,IEProcesses-ScriptedWindowSecurityRestrictions-LocalComputer,IEProcesses_ScriptedWindowSecurityRestrictions_LocalComputer,oval:gov.nist.fdcc.ie7:def:465,,
CCE-3933-9,"The ""Security Zones: Do Not Allow Users to Change Policies"" setting should be configured correctly.",  enabled/disabled,"  HKEY_LOCAL_MACHINE\Software\Policies\Microsoft\Windows\CurrentVersion\Internet Settings\Security_options_edit
Local Internet Options:
 GPO Settings:[Computer Configuration | User Configuration]/Network/Internet Explorer
 Registry Keys:[HKLM | HKCU]\Software\Policies\Microsoft\Windows\CurrentVersion\Internet Settings\Security_options_edit  ",,CCE-833,oval:org.mitre.oval:def:1404,DoNotAllowUsersChangePolicies-LocalComputer,DoNotAllowUsersChangePolicies_LocalComputer,oval:gov.nist.fdcc.ie7:def:1404,,
CCE-4149-1,"The ""Internet Explorer Processes (MIME Sniffing)"" setting should be configured correctly.",enabled/disabled,"HKLM\Software\Policies\Microsoft\Internet Explorer\Main\FeatureControl\FEATURE_MIME_SNIFFING\(Reserved)
 HKLM\Software\Policies\Microsoft\Internet Explorer\Main\FeatureControl\FEATURE_MIME_SNIFFING\explorer.exe
 Local Internet Options:
 GPO Settings:[Computer Configuration | User Configuration]/Network/Internet Explorer/Internet Control Panel/Security Features/Mime Sniffing Safety Feature
 Registry Keys:[HKLM | HKCU]\Software\Policies\Microsoft\Internet Explorer\Main\FeatureControl\FEATURE_MIME_SNIFFING\(Reserved)
 [HKLM | HKCU]\Software\Policies\Microsoft\Internet Explorer\Main\FeatureControl\FEATURE_MIME_SNIFFING\explorer.exe
 [HKLM | HKCU]\Software\Policies\Microsoft\Internet Explorer\Main\FeatureControl\FEATURE_MIME_SNIFFING\iexplore.exe",,CCE-985,oval:org.mitre.oval:def:317,IEProcesses-MimeSniffingSafetyFeature-LocalComputer,IEProcesses_MimeSniffingSafetyFeature_LocalComputer,oval:gov.nist.fdcc.ie7:def:317,,
CCE-4026-1,"The ""Check for Signature on Downloaded Programs"" setting should be configured correctly.",enabled/disabled,"Local Internet Options:
 GPO Settings:[Computer Configuration | User Configuration]/Network/Internet Explorer/Internet Control Panel/Advanced Page 
 Registry Keys:[HKLM | HKCU]\Software\Policies\Microsoft\Internet Explorer\Download\CheckExeSignatures",,CCE-1025,oval:org.mitre.oval:def:395,CheckSignatureDownloadedPrograms-LocalComputer,CheckSignatureDownloadedPrograms_LocalComputer,oval:gov.nist.fdcc.ie7:def:395,,
CCE-4171-5,"The ""Do Not Allow Resetting Internet Explorer Settings"" setting should be configured correctly.",enabled/disabled,"Local Internet Options:
 GPO Settings:[Computer Configuration | User Configuration]/Network/Internet Explorer/Internet Control Panel/Advanced Page 
 Registry Keys:[HKLM | HKCU]\Software\Policies\Microsoft\Internet Explorer\Control Panel\DisableRIED",,CCE-42,oval:org.mitre.oval:def:583,DoNotAllowResettingIESettings-LocalComputer,DoNotAllowResettingIESettings_LocalComputer,oval:gov.nist.fdcc.ie7:def:583,,
CCE-4109-5,"The ""Allow cut, copy, or paste operations from the clipboard via script"" setting should be configured correctly for the Internet Zone.",enabled/disabled,"Local Internet Options:
 GPO Settings:[Computer Configuration | User Configuration]/Network/Internet Explorer/Internet Control Panel/Security Page/Internet Zone
 Registry Keys:[HKLM | HKCU]\Software\Policies\Microsoft\Windows\CurrentVersion\Internet Settings\Zones\3\1407",,CCE-49,"oval:org.mitre.oval:def:506, oval:org.mitre.oval:def:533","AllowCutCopyPasteOperationsFromClipboardViaScript-InternetZone-LocalComputer, AllowCutCopyPasteOperationsFromClipboardViaScript-InternetZone-LocalUser",allow_cut_copy_paste_operations_from_clipboard_via_script_internet_zone_local_computer,oval:gov.nist.fdcc.ie7:def:506,,
CCE-3378-7,"The ""Turn Off First- Run Opt-In"" setting should be configured correctly for the Internet Zone.",enabled/disabled,"Local Internet Options:
 GPO Settings:[Computer Configuration | User Configuration]/Network/Internet Explorer/Internet Control Panel/Security Page/Internet Zone
 Registry Keys:[HKLM | HKCU]\Software\Policies\Microsoft\Windows\CurrentVersion\Internet Settings\Zones\3\1208",,CCE-863,oval:org.mitre.oval:def:1119,TurnOffFirst-RunOpt-In-InternetZone-LocalComputer,TurnOffFirstRunOptIn_InternetZone_LocalComputer,oval:gov.nist.fdcc.ie7:def:1119,,
CCE-4131-9,"The ""Web Browser Applications"" setting should be configured correctly for the Internet Zone.",enabled/disabled,"Local Internet Options:
 GPO Settings:[Computer Configuration | User Configuration]/Network/Internet Explorer/Internet Control Panel/Security Page/Internet Zone
 Registry Keys:[HKLM | HKCU]\Software\Policies\Microsoft\Windows\CurrentVersion\Internet Settings\Zones\3\2400",,CCE-286,oval:org.mitre.oval:def:242,WebBrowserApplications-InternetZone-LocalComputer,WebBrowserApplications_InternetZone_LocalComputer,oval:gov.nist.fdcc.ie7:def:242,,
CCE-4013-9,"The ""Allow cut, copy, or paste operations from the clipboard via script"" setting should be configured correctly for the Restricted Sites Zone.",enabled/disabled,"Local Internet Options:
 GPO Settings:[Computer Configuration | User Configuration]/Network/Internet Explorer/Internet Control Panel/Security Page/Restricted Sites Zone
 Registry Keys:[HKLM | HKCU]\Software\Policies\Microsoft\Windows\CurrentVersion\Internet Settings\Zones\4\1407",,CCE-1031,"oval:org.mitre.oval:def:249, oval:org.mitre.oval:def:1393","AllowCutCopyPasteOperationsFromClipboardViaScript-RestrictedSitesZone-LocalComputer, AllowCutCopyPasteOperationsFromClipboardViaScript-RestrictedSitesZone-LocalUser",AllowCutCopyPasteOperationsFromClipboardViaScript_RestrictedSitesZone_LocalComputer,oval:gov.nist.fdcc.ie7:def:249,,
CCE-4153-3,"The ""Turn Off First- Run Opt-In"" setting should be configured correctly for the Restricted Sites Zone.",enabled/disabled,"Local Internet Options:
 GPO Settings:[Computer Configuration | User Configuration]/Network/Internet Explorer/Internet Control Panel/Security Page/Restricted Sites Zone
 Registry Keys:[HKLM | HKCU]\Software\Policies\Microsoft\Windows\CurrentVersion\Internet Settings\Zones\4\1208",,CCE-200,oval:org.mitre.oval:def:621,TurnOffFirst-RunOpt-In-RestrictedSitesZone-LocalComputer,TurnOffFirstRunOptIn_RestrictedSitesZone_LocalComputer,oval:gov.nist.fdcc.ie7:def:621,,
CCE-4052-7,"The ""Web Browser Applications"" setting should be configured correctly for the Restricted Sites Zone.",enabled/disabled,"Local Internet Options:
 GPO Settings:[Computer Configuration | User Configuration]/Network/Internet Explorer/Internet Control Panel/Security Page/Restricted Sites Zone
 Registry Keys:[HKLM | HKCU]\Software\Policies\Microsoft\Windows\CurrentVersion\Internet Settings\Zones\4\2400",,CCE-51,oval:org.mitre.oval:def:580,WebBrowserApplications-RestrictedSitesZone-LocalComputer,WebBrowserApplications_RestrictedSitesZone_LocalComputer,oval:gov.nist.fdcc.ie7:def:580,,
CCE-4175-6,"The ""Intranet Sites: Include all network paths (UNCs)"" setting should be configured correctly.",enabled/disabled,"Local Internet Options:
 GPO Settings:[Computer Configuration | User Configuration]/Network/Internet Explorer/Internet Control Panel/Security Page
 Registry Keys:[HKLM | HKCU]\Software\Policies\Microsoft\Windows\CurrentVersion\Internet Settings\ZoneMap\UNCAsIntranet",,CCE-876,"oval:org.mitre.oval:def:559, oval:org.mitre.oval:def:1370","IncludeAllNetworkPaths-LocalComputer, IncludeAllNetworkPaths-LocalUser",include_all_network_paths_local_computer,oval:gov.nist.fdcc.ie7:def:559,,
CCE-3695-4,"The ""Disable the Advanced Page"" setting should be configured correctly.",enabled/disabled,"Local Internet Options:
 GPO Settings:[Computer Configuration | User Configuration]/Network/Internet Explorer/Internet Control Panel
 Registry Keys:[HKLM | HKCU]\Software\Policies\Microsoft\Internet Explorer\Control Panel\AdvancedTab",,CCE-810,"oval:org.mitre.oval:def:934, oval:org.mitre.oval:def:660","DisableTheAdvancedPage-LocalComputer, DisableTheAdvancedPage-LocalUser",,,,
CCE-3777-0,"The ""Disable the Privacy Page"" setting should be configured correctly.",enabled/disabled,"Local Internet Options:
 GPO Settings:[Computer Configuration | User Configuration]/Network/Internet Explorer/Internet Control Panel
 Registry Keys:[HKLM | HKCU]\Software\Policies\Microsoft\Internet Explorer\Control Panel\PrivacyTab",,CCE-811,oval:org.mitre.oval:def:1111,DisableThePrivacyPage-LocalComputer,,,,
CCE-3433-0,"The ""Disable the Security Page"" setting should be configured correctly.",enabled/disabled,"Local Internet Options:
 GPO Settings:[Computer Configuration | User Configuration]/Network/Internet Explorer/Internet Control Panel
 Registry Keys:[HKLM | HKCU]\Software\Policies\Microsoft\Internet Explorer\Control Panel\SecurityTab",,CCE-595,"oval:org.mitre.oval:def:672, oval:org.mitre.oval:def:601","DisableTheSecurityPage-LocalComputer, DisableTheSecurityPage-LocalUser",,,,
CCE-4199-6,"The ""Prevent Ignoing Certificate Errors"" setting should be configured correctly.",enabled/disabled,"Local Internet Options:
 GPO Settings:[Computer Configuration | User Configuration]/Network/Internet Explorer/Internet Control Panel
 Registry Keys:[HKLM | HKCU]\Software\Policies\Microsoft\Windows\CurrentVersion\Internet Settings\PreventIgnoreCertErrors",,CCE-938,"oval:org.mitre.oval:def:655, oval:org.mitre.oval:def:1129","PreventIgnoingCertificateErrors-LocalComputer, PreventIgnoingCertificateErrors-LocalUser",prevent_ignoring_certificate_errors_local_computer,oval:gov.nist.fdcc.ie7:def:655,,
CCE-3204-5,"The ""Turn Off changing the URL to be displayed for checking updates to Internet Explorer and Internet Tools"" setting should be configured correctly.",enabled/disabled,"Local Internet Options:
 GPO Settings:[Computer Configuration | User Configuration]/Network/Internet Explorer/Internet Control Panel/Internet Settings/Component Updates/Periodic Check for Updates to Internet Explorer and Internet Tools
 Registry Keys:[HKLM | HKCU]\Software\Policies\Microsoft\Internet Explorer\Main\Update_Check_Page",,CCE-946,oval:org.mitre.oval:def:715,TurnOffChangingURLDisplay-LocalComputer,TurnOffChangingURLDisplay_LocalComputer,oval:gov.nist.fdcc.ie7:def:715,,
CCE-4098-0,"The ""Turn Off Configuring the Update Check Interval (In Days)"" setting should be configured correctly.",enabled/disabled,"Local Internet Options:
 GPO Settings:[Computer Configuration | User Configuration]/Network/Internet Explorer/Internet Control Panel/Internet Settings/Component Updates/Periodic Check for Updates to Internet Explorer and Internet Tools
 Registry Keys:[HKLM | HKCU]\Software\Policies\Microsoft\Internet Explorer\Main\Update_Check_Interval",,CCE-237,oval:org.mitre.oval:def:1187,TurnOffConfiguringUpdateCheckInterval-LocalComputer,TurnOffConfiguringUpdateCheckInterval_LocalComputer,oval:gov.nist.fdcc.ie7:def:1187,,
CCE-3741-6,"The ""Add-on List"" setting should be configured correctly.",enabled/disabled,"Local Internet Options:
 GPO Settings:[Computer Configuration | User Configuration]/Network/Internet Explorer/Internet Control Panel/Security Features/Add-on Management
 Registry Keys:[HKLM | HKCU]\Software\Microsoft\Windows\CurrentVersion\Policies\Ext\ListBox_Support_CLSID",,CCE-541,oval:org.mitre.oval:def:626,AddOnList-LocalComputer,,,,
CCE-3997-4,"The ""Deny all add-ons unless specifically allowed in the Add-on List"" setting should be configured correctly.",enabled/disabled,"Local Internet Options:
 GPO Settings:[Computer Configuration | User Configuration]/Network/Internet Explorer/Internet Control Panel/Security Features/Add-on Management
 Registry Keys:[HKLM | HKCU]\Software\Microsoft\Windows\CurrentVersion\Policies\Ext\RestrictToList",,CCE-911,oval:org.mitre.oval:def:1278,DenyAllAddOns-LocalComputer,,,,
CCE-4001-4,"The ""Disable ""Configuring History"""" setting should be configured correctly.",enabled/disabled,"Local Internet Options:
 GPO Settings:[Computer Configuration | User Configuration]/Network/Internet Explorer
 Registry Keys:[HKLM | HKCU]\Software\Policies\Microsoft\Internet Explorer\Control Panel\History
 [HKLM | HKCU]\Software\Policies\Microsoft\Windows\CurrentVersion\Internet Settings\Url History\DaysToKeep",,CCE-66,"oval:org.mitre.oval:def:757, oval:org.mitre.oval:def:1365","DisableConfiguringHistory-LocalComputer, DisableConfiguringHistory-LocalUser",DisableConfiguringHistory_LocalComputer,oval:gov.nist.fdcc.ie7:def:757,,
CCE-4147-5,"The ""Disable Changing Automatic Configuration Settings"" setting should be configured correctly.",enabled/disabled,"Local Internet Options:
 GPO Settings:[Computer Configuration | User Configuration]/Network/Internet Explorer
 Registry Keys:[HKLM | HKCU]\Software\Policies\Microsoft\Internet Explorer\Control Panel\Autoconfig",,CCE-471,"oval:org.mitre.oval:def:1285, oval:org.mitre.oval:def:613","DisableChangingAutomaticConfigurationSettings-LocalComputer, DisableChangingAutomaticConfigurationSettings-LocalUser",DisableChangingAutomaticConfigurationSettings_LocalComputer,oval:gov.nist.fdcc.ie7:def:1285,,
CCE-4059-2,"The ""Disable Changing Connection Settings"" setting should be configured correctly.",enabled/disabled,"Local Internet Options:
 GPO Settings:[Computer Configuration | User Configuration]/Network/Internet Explorer
 Registry Keys:[HKLM | HKCU]\Software\Policies\Microsoft\Internet Explorer\Control Panel\Connection Settings
 [HKLM | HKCU]\Software\Policies\Microsoft\Internet Explorer\Control Panel\Connwiz Admin Lock",,CCE-611,"oval:org.mitre.oval:def:355, oval:org.mitre.oval:def:1128","DisableChangingConnectionSettings-LocalComputer, DisableChangingConnectionSettings-LocalUser",,,,
CCE-3935-4,"The ""Disable Changing Proxy Settings"" setting should be configured correctly.",enabled/disabled,"Local Internet Options:
 GPO Settings:[Computer Configuration | User Configuration]/Network/Internet Explorer
 Registry Keys:[HKLM | HKCU]\Software\Policies\Microsoft\Internet Explorer\Control Panel\Proxy",,CCE-62,"oval:org.mitre.oval:def:398, oval:org.mitre.oval:def:635","DisableChangingProxySettings-LocalComputer, DisableChangingProxySettings-LocalUser",,,,
CCE-3706-9,"The ""Disable Showing the Splash Screen"" setting should be configured correctly.",enabled/disabled,"Local Internet Options:
 GPO Settings:[Computer Configuration | User Configuration]/Network/Internet Explorer
 Registry Keys:[HKLM | HKCU]\Software\Policies\Microsoft\Internet Explorer\Infodelivery\Restrictions\NoSplash",,CCE-556,oval:org.mitre.oval:def:1164,DisableShowingSplashScreen-LocalComputer,DisableShowingSplashScreen_LocalComputer,oval:gov.nist.fdcc.ie7:def:1164,,
CCE-3975-0,"The ""Prevent ""Fix settings"" Functionality"" setting should be configured correctly.",enabled/disabled,"Local Internet Options:
 GPO Settings:[Computer Configuration | User Configuration]/Network/Internet Explorer
 Registry Keys:[HKLM | HKCU]\Software\Policies\Microsoft\Internet Explorer\Security\DisableFixSecuritySettings",,CCE-948,"oval:org.mitre.oval:def:448, oval:org.mitre.oval:def:640","PreventFixSettingsFunctionality-LocalComputer, PreventFixSettingsFunctionality-LocalUser",,,,
CCE-3993-3,"The ""Prevent participation in the Customer Experience Improvement Programs"" setting should be configured correctly.",enabled/disabled,"Local Internet Options:
 GPO Settings:[Computer Configuration | User Configuration]/Network/Internet Explorer
 Registry Keys:[HKLM | HKCU]\Software\Policies\Microsoft\Internet Explorer\SQM\DisableCustomerImprovementProgram",,CCE-495,"oval:org.mitre.oval:def:1171, oval:org.mitre.oval:def:1391","PreventParticipationInCustomerExperienceImprovementPrograms-LocalComputer, PreventParticipationInCustomerExperienceImprovementPrograms-LocalUser",PreventParticipationInCustomerExperienceImprovementPrograms_LocalComputer,oval:gov.nist.fdcc.ie7:def:1171,,
CCE-3207-8,"The ""Prevent performance of First Run Customize settings"" setting should be configured correctly.",enabled/disabled,"Local Internet Options:
 GPO Settings:[Computer Configuration | User Configuration]/Network/Internet Explorer
 Registry Keys:[HKLM | HKCU]\Software\Policies\Microsoft\Internet Explorer\Main\DisableFirstRunCustomize",,CCE-1006,oval:org.mitre.oval:def:1322,PreventPerformanceOfFirstRunCustomizeSettings-LocalComputer,PreventPerformanceOfFirstRunCustomizeSettings_LocalComputer,oval:gov.nist.fdcc.ie7:def:1322,,
CCE-4073-3,"The ""Prevent the deletation of temporary internet files and cookies"" setting should be configured correctly.",enabled/disabled,"Local Internet Options:
 GPO Settings:[Computer Configuration | User Configuration]/Network/Internet Explorer
 Registry Keys:[HKLM | HKCU]\Software\Policies\Microsoft\Internet Explorer\Control Panel\Settings",,CCE-909,"oval:org.mitre.oval:def:1382, oval:org.mitre.oval:def:703","PerventDeletationOfTempInternetFiles-LocalComputer, PerventDeletationOfTempInternetFiles-LocalUser",,,,
CCE-3615-2,"The ""Turn off ""Delete Browsing History"" functionality"" setting should be configured correctly.",enabled/disabled,"Local Internet Options:
 GPO Settings:[Computer Configuration | User Configuration]/Network/Internet Explorer
 Registry Keys:[HKLM | HKCU]\Software\Policies\Microsoft\Internet Explorer\Control Panel\DisableDeleteBrowsingHistory",,CCE-1010,"oval:org.mitre.oval:def:458, oval:org.mitre.oval:def:1474","TurnOffDeleteBrowsingHistoryFunctionality-LocalComputer, TurnOffDeleteBrowsingHistoryFunctionality-LocalUser",TurnOffDeleteBrowsingHistoryFunctionality_LocalComputer,oval:gov.nist.fdcc.ie7:def:458,,
CCE-3866-1,"The ""Turn off Managing Phishing Filter"" setting should be configured correctly.",enabled/disabled,"Local Internet Options:
 GPO Settings:[Computer Configuration | User Configuration]/Network/Internet Explorer
 Registry Keys:[HKLM | HKCU]\Software\Policies\Microsoft\Internet Explorer\PhishingFilter\Enabled",,CCE-1032,oval:org.mitre.oval:def:501,TurnOffManagingPhishingFilter-LocalComputer,TurnOffManagingPhishingFilter_LocalComputer,oval:gov.nist.fdcc.ie7:def:501,,
CCE-3875-2,"The ""Turn off the Security Settings Check feature"" setting should be configured correctly.",enabled/disabled,"Local Internet Options:
 GPO Settings:[Computer Configuration | User Configuration]/Network/Internet Explorer
 Registry Keys:[HKLM | HKCU]\Software\Policies\Microsoft\Internet Explorer\Security\DisableSecuritySettingsCheck",,CCE-1054,"oval:org.mitre.oval:def:916, oval:org.mitre.oval:def:1034","TurnOffSecuritySettingsCheckFeature-LocalComputer, TurnOffSecuritySettingsCheckFeature-LocalUser",TurnOffSecuritySettingsCheckFeature_LocalComputer,oval:gov.nist.fdcc.ie7:def:916,,
CCE-4174-9,"The ""Allow Active Content from CD's to Run on User Machine"" setting should be configured correctly.",enabled/disabled,"Local Internet Options:
 GPO Settings:[Computer Configuration | User Configuration]/Network/Internet Explorer/Internet Control Panel/Advanced Page 
 Registry Keys:[HKLM | HKCU]\Software\Policies\Microsoft\Internet Explorer\Main\FeatureControl\FEATURE_LOCAL",,CCE-964,oval:org.mitre.oval:def:400,AllowActiveContentFromCD-LocalComputer,AllowActiveContentFromCD_LocalComputer,oval:gov.nist.fdcc.ie7:def:400,,
CCE-4192-1,"The ""Enable third-party browser extensions"" setting should be configured correctly.",enabled/disabled,"Local Internet Options:
 GPO Settings:[Computer Configuration | User Configuration]/Network/Internet Explorer/Internet Control Panel/Advanced Page 
 Registry Keys:[HKLM | HKCU]\Software\Policies\Microsoft\Internet Explorer\Main\Enable Browser Extensions",,CCE-598,oval:org.mitre.oval:def:110,AllowThird-PartyBrowserExtensions-LocalComputer,AllowThird-PartyBrowserExtensions_LocalComputer,oval:gov.nist.fdcc.ie7:def:110,,
CCE-3584-0,"The ""Automatically Check for Internet Explorer Updates"" setting should be configured correctly.",enabled/disabled,"Local Internet Options:
 GPO Settings:[Computer Configuration | User Configuration]/Network/Internet Explorer/Internet Control Panel/Advanced Page 
 Registry Keys:[HKLM | HKCU]\Software\Policies\Microsoft\Internet Explorer\Main\NoUpdateCheck",,CCE-1008,"oval:org.mitre.oval:def:656, oval:org.mitre.oval:def:1360","AutomaticallyCheckIEUpdates-LocalComputer, AutomaticallyCheckForIEUpdates-LocalUser",AutomaticallyCheckIEUpdates_LocalComputer,oval:gov.nist.fdcc.ie7:def:656,,
CCE-3976-8,"The ""Check for Server Certificate Revocation"" setting should be configured correctly.",enabled/disabled,"Local Internet Options:
 GPO Settings:[Computer Configuration | User Configuration]/Network/Internet Explorer/Internet Control Panel/Advanced Page 
 Registry Keys:[HKLM | HKCU]\Software\Policies\Microsoft\Windows\CurrentVersion\Internet Settings\CertificateRevocation",,CCE-690,"oval:org.mitre.oval:def:172, oval:org.mitre.oval:def:1502","CheckServerCertificateRevocation-LocalComputer, CheckForServerCertificateRevocation-LocalUser",CheckServerCertificateRevocation_LocalComputer,oval:gov.nist.fdcc.ie7:def:172,,
CCE-3853-9,"The ""Access data sources across domains"" setting should be configured correctly for the Internet Zone.",enabled/disabled/prompt,"Local Internet Options:
 GPO Settings:[Computer Configuration | User Configuration]/Network/Internet Explorer/Internet Control Panel/Security Page/Internet Zone
 Registry Keys:[HKLM | HKCU]\Software\Policies\Microsoft\Windows\CurrentVersion\Internet Settings\Zones\3\1406",,CCE-47,"oval:org.mitre.oval:def:674, oval:org.mitre.oval:def:650","AccessDataSourcesAcrossDomains-InternetZone-LocalComputer, AccessDataSourcesAcrossDomains-InternetZone-LocalUser",access_data_sources_across_domains_internet_zone_local_computer,oval:gov.nist.fdcc.ie7:def:674,,
CCE-3998-2,"The ""Drag and drop or copy and paste files"" setting should be configured correctly for the Internet Zone.",enabled/disabled/prompt,"Local Internet Options:
 GPO Settings:[Computer Configuration | User Configuration]/Network/Internet Explorer/Internet Control Panel/Security Page/Internet Zone
 Registry Keys:[HKLM | HKCU]\Software\Policies\Microsoft\Windows\CurrentVersion\Internet Settings\Zones\3\1802",,CCE-685,"oval:org.mitre.oval:def:1083, oval:org.mitre.oval:def:547","AllowDragDropOrCopyPasteFiles-InternetZone-LocalComputer, AllowDragDropOrCopyPasteFiles-InternetZone-LocalUser",AllowDragDropOrCopyPasteFiles_InternetZone_LocalComputer,oval:gov.nist.fdcc.ie7:def:1083,,
CCE-3888-5,"The ""Font download"" setting should be configured correctly for the Internet Zone.",enabled/disabled/prompt,"Local Internet Options:
 GPO Settings:[Computer Configuration | User Configuration]/Network/Internet Explorer/Internet Control Panel/Security Page/Internet Zone
 Registry Keys:[HKLM | HKCU]\Software\Policies\Microsoft\Windows\CurrentVersion\Internet Settings\Zones\3\1604",,CCE-491,"oval:org.mitre.oval:def:524, oval:org.mitre.oval:def:659","AllowFontDownloads-InternetZone-LocalComputer, AllowFontDownloads-InternetZone-LocalUser",AllowFontDownloads_InternetZone_LocalComputer,oval:gov.nist.fdcc.ie7:def:524,,
CCE-3906-5,"The ""Installation of desktop items"" setting should be configured correctly for the Internet Zone.",enabled/disabled/prompt,"Local Internet Options:
 GPO Settings:[Computer Configuration | User Configuration]/Network/Internet Explorer/Internet Control Panel/Security Page/Internet Zone
 Registry Keys:[HKLM | HKCU]\Software\Policies\Microsoft\Windows\CurrentVersion\Internet Settings\Zones\3\1800",,CCE-355,"oval:org.mitre.oval:def:223, oval:org.mitre.oval:def:541","AllowInstallationOfDesktopItems-InternetZone-LocalComputer, AllowInstallationOfDesktopItems-InternetZone-LocalUser",AllowInstallationOfDesktopItems_InternetZone_LocalComputer,oval:gov.nist.fdcc.ie7:def:223,,
CCE-4099-8,"The ""Allow script-initiated windows without size or position constraints"" setting should be configured correctly for the Internet Zone.",enabled/disabled,"Local Internet Options:
 GPO Settings:[Computer Configuration | User Configuration]/Network/Internet Explorer/Internet Control Panel/Security Page/Internet Zone
 Registry Keys:[HKLM | HKCU]\Software\Policies\Microsoft\Windows\CurrentVersion\Internet Settings\Zones\3\2102",,CCE-280,"oval:org.mitre.oval:def:589, oval:org.mitre.oval:def:1476","AllowScriptInitiatedWindowsWithoutSizeOrPositionConstraints-InternetZone-LocalComputer, AllowScriptInitiatedWindowsWithoutSizeOrPositionConstraints-InternetZone-LocalUser",AllowScriptInitiatedWindowsWithoutSizeOrPositionConstraints_InternetZone_LocalComputer,oval:gov.nist.fdcc.ie7:def:589,,
CCE-3601-2,"The ""Allow Scriptlets"" setting should be configured correctly for the Internet Zone.",enabled/disabled/prompt,"Local Internet Options:
 GPO Settings:[Computer Configuration | User Configuration]/Network/Internet Explorer/Internet Control Panel/Security Page/Internet Zone
 Registry Keys:[HKLM | HKCU]\Software\Policies\Microsoft\Windows\CurrentVersion\Internet Settings\Zones\3\1209",,CCE-439,oval:org.mitre.oval:def:1043,AllowScriptlets-InternetZone-LocalComputer,allow_scriptlets_internet_zone_local_computer,oval:gov.nist.fdcc.ie7:def:1043,,
CCE-3249-0,"The ""Allow status bar updates via script"" setting should be configured correctly for the Internet Zone.",enabled/disabled,"Local Internet Options:
 GPO Settings:[Computer Configuration | User Configuration]/Network/Internet Explorer/Internet Control Panel/Security Page/Internet Zone
 Registry Keys:[HKLM | HKCU]\Software\Policies\Microsoft\Windows\CurrentVersion\Internet Settings\Zones\3\2103",,CCE-914,"oval:org.mitre.oval:def:226, oval:org.mitre.oval:def:1208","AllowStatusBarUpdatesViaScript-InternetZone-LocalComputer, AllowStatusBarUpdatesViaScript-InternetZone-LocalUser",allow_status_bar_updates_via_script_internet_zone_local_computer,oval:gov.nist.fdcc.ie7:def:226,,
CCE-4139-2,"The ""Automatic prompting for file downloads"" setting should be configured correctly for the Internet Zone.",enabled/disabled,"Local Internet Options:
 GPO Settings:[Computer Configuration | User Configuration]/Network/Internet Explorer/Internet Control Panel/Security Page/Internet Zone
 Registry Keys:[HKLM | HKCU]\Software\Policies\Microsoft\Windows\CurrentVersion\Internet Settings\Zones\3\2200",,CCE-16,"oval:org.mitre.oval:def:1113, oval:org.mitre.oval:def:562","AutomaticPromptingFileDownloads-InternetZone-LocalComputer, AutomaticPromptingFileDownloads-InternetZone-LocalUser",AutomaticPromptingFileDownloads_InternetZone_LocalComputer,oval:gov.nist.fdcc.ie7:def:1113,,
CCE-3927-1,"The ""Download signed ActiveX controls"" setting should be configured correctly for the Internet Zone.",enabled/disabled/prompt,"Local Internet Options:
 GPO Settings:[Computer Configuration | User Configuration]/Network/Internet Explorer/Internet Control Panel/Security Page/Internet Zone
 Registry Keys:[HKLM | HKCU]\Software\Policies\Microsoft\Windows\CurrentVersion\Internet Settings\Zones\3\1001",,CCE-1013,"oval:org.mitre.oval:def:1199, oval:org.mitre.oval:def:546","DownloadSignedActiveXControls-InternetZone-LocalComputer, DownloadSignedActiveXControls-InternetZone-LocalUser",download_signed_activex_controls_InternetZone_LocalComputer,oval:gov.nist.fdcc.ie7:def:1199,,
CCE-3945-3,"The ""Download unsigned ActiveX controls"" setting should be configured correctly for the Internet Zone.",enabled/disabled/prompt,"Local Internet Options:
 GPO Settings:[Computer Configuration | User Configuration]/Network/Internet Explorer/Internet Control Panel/Security Page/Internet Zone
 Registry Keys:[HKLM | HKCU]\Software\Policies\Microsoft\Windows\CurrentVersion\Internet Settings\Zones\3\1004",,CCE-176,"oval:org.mitre.oval:def:391, oval:org.mitre.oval:def:1200","DownloadUnsignedActiveXControls-InternetZone-LocalComputer, DownloadUnsignedActiveXControls-InternetZone-LocalUser",DownloadUnsignedActiveXControls_InternetZone_LocalComputer,oval:gov.nist.fdcc.ie7:def:391,,
CCE-4068-3,"The ""Initialize and script ActiveX controls not marked as safe for scripting"" setting should be configured correctly for the Internet Zone.",enabled/disabled/prompt,"Local Internet Options:
 GPO Settings:[Computer Configuration | User Configuration]/Network/Internet Explorer/Internet Control Panel/Security Page/Internet Zone
 Registry Keys:[HKLM | HKCU]\Software\Policies\Microsoft\Windows\CurrentVersion\Internet Settings\Zones\3\1201",,CCE-586,"oval:org.mitre.oval:def:1040, oval:org.mitre.oval:def:739","InitializeScriptActiveXControlsNotMarkedAsSafe-InternetZone-LocalComputer, JavaPermissions-InternetZone-LocalComputer, InitializeScriptActiveXControlsNotMarkedAsSafe-InternetZone-LocalUser",InitializeScriptActiveXControlsNotMarkedAsSafe_InternetZone_LocalComputer,oval:gov.nist.fdcc.ie7:def:1040,,
CCE-3963-6,"The ""Java permissions"" setting should be configured correctly for the Internet Zone.",Custom/Disable Java/High safety/Low safety/Medium safety,"Local Internet Options:
 GPO Settings:[Computer Configuration | User Configuration]/Administrative Templates/Windows Components/Internet Explorer/Internet Control Panel/Security Page/Internet Zone
 Registry Keys:[HKLM | HKCU]\Software\Policies\Microsoft\Windows\CurrentVersion\Internet Settings\Zones\3\1C00",,CCE-132,"oval:org.mitre.oval:def:1174, oval:org.mitre.oval:def:725",JavaPermissions-InternetZone-LocalUser,java_permissions_internet_zone_local_computer,oval:gov.nist.fdcc.ie7:def:1174,,
CCE-4104-6,"The ""Launching programs and files in an IFRAME"" setting should be configured correctly for the Internet Zone.",enabled/disabled/prompt,"Local Internet Options:
 GPO Settings:[Computer Configuration | User Configuration]/Network/Internet Explorer/Internet Control Panel/Security Page/Internet Zone
 Registry Keys:[HKLM | HKCU]\Software\Policies\Microsoft\Windows\CurrentVersion\Internet Settings\Zones\3\1804",,CCE-689,"oval:org.mitre.oval:def:611, oval:org.mitre.oval:def:1487","LaunchingApplicationsAndFilesInIFRAME-InternetZone-LocalComputer, LaunchingApplicationsAndFilesInIFRAME-InternetZone-LocalUser",LaunchingApplicationsAndFilesInIFRAME_InternetZone_LocalComputer,oval:gov.nist.fdcc.ie7:def:611,,
CCE-3623-6,"The ""Logon"" setting should be configured correctly for the Internet Zone.",Anonymous logon/Automatic logon only in Intranet zone/Automatic logon with current user name and password/Prompt for user name and password,"Local Internet Options:
 GPO Settings:[Computer Configuration | User Configuration]/Network/Internet Explorer/Internet Control Panel/Security Page/Internet Zone
 Registry Keys:[HKLM | HKCU]\Software\Policies\Microsoft\Windows\CurrentVersion\Internet Settings\Zones\3\1A00",,CCE-720,"oval:org.mitre.oval:def:691, oval:org.mitre.oval:def:1123","LogonOptions-InternetZone-LocalComputer, LogonOptions-InternetZone-LocalUser",LogonOptions_InternetZone_LocalComputer,oval:gov.nist.fdcc.ie7:def:691,,
CCE-3751-5,"The ""Loose XAML"" setting should be configured correctly for the Internet Zone.",enabled/disabled/prompt,"Local Internet Options:
 GPO Settings:[Computer Configuration | User Configuration]/Network/Internet Explorer/Internet Control Panel/Security Page/Internet Zone
 Registry Keys:[HKLM | HKCU]\Software\Policies\Microsoft\Windows\CurrentVersion\Internet Settings\Zones\3\2402",,CCE-126,oval:org.mitre.oval:def:240,LooseXAMLFiles-InternetZone-LocalComputer,LooseXAMLFiles_InternetZone_LocalComputer,oval:gov.nist.fdcc.ie7:def:240,,
CCE-4143-4,"The ""Navigate sub-frames across different domains"" setting should be configured correctly for the Internet Zone.",enabled/disabled/prompt,"Local Internet Options:
 GPO Settings:[Computer Configuration | User Configuration]/Network/Internet Explorer/Internet Control Panel/Security Page/Internet Zone
 Registry Keys:[HKLM | HKCU]\Software\Policies\Microsoft\Windows\CurrentVersion\Internet Settings\Zones\3\1607",,CCE-245,"oval:org.mitre.oval:def:612, oval:org.mitre.oval:def:1394","NavigateSub-framesAcrossDifferentDomains-InternetZone-LocalComputer, NavigateSub-framesAcrossDifferentDomains-InternetZone-LocalUser",navigate_sub_frames_across_different_domains_Internet_zone_local_computer,oval:gov.nist.fdcc.ie7:def:612,,
CCE-4161-6,"The ""Open files based on content, not file extension"" setting should be configured correctly for the Internet Zone.",enabled/disabled,"Local Internet Options:
 GPO Settings:[Computer Configuration | User Configuration]/Network/Internet Explorer/Internet Control Panel/Security Page/Internet Zone
 Registry Keys:[HKLM | HKCU]\Software\Policies\Microsoft\Windows\CurrentVersion\Internet Settings\Zones\3\2100",,CCE-910,"oval:org.mitre.oval:def:953, oval:org.mitre.oval:def:1300","OpenFilesBasedOnContent-InternetZone-LocalComputer, OpenFilesBasedOnContent-InternetZone-LocalUser",OpenFilesBasedOnContent_InternetZone_LocalComputer,oval:gov.nist.fdcc.ie7:def:953,,
CCE-3553-5,"The ""Software channel permissions"" setting should be configured correctly for the Internet Zone.",High safety/low safety/medium safety,"Local Internet Options:
 GPO Settings:[Computer Configuration | User Configuration]/Network/Internet Explorer/Internet Control Panel/Security Page/Internet Zone
 Registry Keys:[HKLM | HKCU]\Software\Policies\Microsoft\Windows\CurrentVersion\Internet Settings\Zones\3\1E05",,CCE-359,"oval:org.mitre.oval:def:302, oval:org.mitre.oval:def:1398","SoftwareChannelPermissions-InternetZone-LocalComputer, SoftwareChannelPermissions-InternetZone-LocalUser",SoftwareChannelPermissions_InternetZone_LocalComputer,oval:gov.nist.fdcc.ie7:def:302,,
CCE-3619-4,"The ""Use Pop-up Blocker"" setting should be configured correctly for the Internet Zone.",enabled/disabled,"Local Internet Options:
 GPO Settings:[Computer Configuration | User Configuration]/Network/Internet Explorer/Internet Control Panel/Security Page/Internet Zone
 Registry Keys:[HKLM | HKCU]\Software\Policies\Microsoft\Windows\CurrentVersion\Internet Settings\Zones\3\1809",,CCE-1002,"oval:org.mitre.oval:def:1179, oval:org.mitre.oval:def:558","UsePop-upBlocker-InternetZone-LocalComputer, UsePop-upBlocker-InternetZone-LocalUser",UsePop-upBlocker_InternetZone_LocalComputer,oval:gov.nist.fdcc.ie7:def:1179,,
CCE-3914-9,"The ""Userdata persistence"" setting should be configured correctly for the Internet Zone.",enabled/disabled,"Local Internet Options:
 GPO Settings:[Computer Configuration | User Configuration]/Network/Internet Explorer/Internet Control Panel/Security Page/Internet Zone
 Registry Keys:[HKLM | HKCU]\Software\Policies\Microsoft\Windows\CurrentVersion\Internet Settings\Zones\3\1606",,CCE-425,oval:org.mitre.oval:def:1108,UserdataPersistence-InternetZone-LocalComputer,UserdataPersistence_InternetZone_LocalComputer,oval:gov.nist.fdcc.ie7:def:1108,,
CCE-3570-9,"The ""Web sites in less privileged Web content zones can navigate into this zone"" setting should be configured correctly for the Internet Zone.",enabled/disabled/prompt,"Local Internet Options:
 GPO Settings:[Computer Configuration | User Configuration]/Network/Internet Explorer/Internet Control Panel/Security Page/Internet Zone
 Registry Keys:[HKLM | HKCU]\Software\Policies\Microsoft\Windows\CurrentVersion\Internet Settings\Zones\3\2101",,CCE-724,"oval:org.mitre.oval:def:265, oval:org.mitre.oval:def:1432","WebSitesInLessPrivilegedWebContentZonesCanNavigateIntoThisZone-InternetZone-LocalComputer, WebSitesInLessPrivilegedWebContentZonesCanNavigateIntoThisZone-InternetZone-LocalUser",WebSitesInLessPrivilegedWebContentZonesCanNavigateIntoThisZone_InternetZone_LocalComputer,oval:gov.nist.fdcc.ie7:def:265,,
CCE-3843-0,"The ""XPS documents"" setting should be configured correctly for the Internet Zone.",enabled/disabled/prompt,"Local Internet Options:
 GPO Settings:[Computer Configuration | User Configuration]/Network/Internet Explorer/Internet Control Panel/Security Page/Internet Zone
 Registry Keys:[HKLM | HKCU]\Software\Policies\Microsoft\Windows\CurrentVersion\Internet Settings\Zones\3\2401",,CCE-1015,oval:org.mitre.oval:def:628,XPSFiles-InternetZone-LocalComputer,,,,
CCE-3984-2,"The ""Display mixed content"" setting should be configured correctly for the Internet Zone.",enabled/disabled/prompt,"Local Internet Options:
 GPO Settings:[Computer Configuration | User Configuration]/Network/Internet Explorer/Internet Control Panel/Security Page/Locked-Down Internet Zone
 Registry Keys:[HKLM | HKCU]\Software\Policies\Microsoft\Windows\CurrentVersion\Internet Settings\Zones\3\1609",,CCE-878,oval:org.mitre.oval:def:245,DisplayMixedContent-LockedDownInternetZone-LocalComputer,display_mixed_content_locked_down_internet_zone_local_computer,oval:gov.nist.fdcc.ie7:def:245,,
CCE-3989-1,"The ""Display mixed content"" setting should be configured correctly for the Intranet Zone.",enabled/disabled/prompt,"Local Internet Options:
 GPO Settings:[Computer Configuration | User Configuration]/Network/Internet Explorer/Internet Control Panel/Security Page/Intranet Zone
 Registry Keys:[HKLM | HKCU]\Software\Policies\Microsoft\Windows\CurrentVersion\Internet Settings\Zones\1\1609",,CCE-288,oval:org.mitre.oval:def:1166,DisplayMixedContent-IntranetZone-LocalComputer,display_mixed_content_intranet_zone_local_computer,oval:gov.nist.fdcc.ie7:def:1166,,
CCE-4121-0,"The ""Display mixed content"" setting should be configured correctly for the Locked Down Intranet Zone.",enabled/disabled/prompt,"Local Internet Options:
 GPO Settings:[Computer Configuration | User Configuration]/Network/Internet Explorer/Internet Control Panel/Security Page/Locked-Down Intranet Zone
 Registry Keys:[HKLM | HKCU]\Software\Policies\Microsoft\Windows\CurrentVersion\Internet Settings\Lockdown_Zones\1\1609",,CCE-552,oval:org.mitre.oval:def:247,DisplayMixedContent-LockedDownIntranetZone-LocalComputer,display_mixed_content-LockedDownintranet_zone_local_computer,oval:gov.nist.fdcc.ie7:def:247,,
CCE-4138-4,"The ""Display mixed content"" setting should be configured correctly for the Local Machine Zone.",enabled/disabled/prompt,"Local Internet Options:
 GPO Settings:[Computer Configuration | User Configuration]/Network/Internet Explorer/Internet Control Panel/Security Page/Local Machine Zone
 Registry Keys:[HKLM | HKCU]\Software\Policies\Microsoft\Windows\CurrentVersion\Internet Settings\Zones\0\1609",,CCE-473,oval:org.mitre.oval:def:383,DisplayMixedContent-LocalMachineZone-LocalComputer,display_mixed_content-local_machine_zone_local_computer,oval:gov.nist.fdcc.ie7:def:383,,
CCE-4028-7,"The ""Display mixed content"" setting should be configured correctly for the Locked Down Local Machine Zone.",enabled/disabled/prompt,"Local Internet Options:
 GPO Settings:[Computer Configuration | User Configuration]/Network/Internet Explorer/Internet Control Panel/Security Page/Locked-Down Local Machine Zone
 Registry Keys:[HKLM | HKCU]\Software\Policies\Microsoft\Windows\CurrentVersion\Internet Settings\Lockdown_Zones\0\1609",,CCE-239,oval:org.mitre.oval:def:418,DisplayMixedContent-LockedDownLocalMachineZone-LocalComputer,display_mixed_content-LockedDownlocal_machine_zone_local_computer,oval:gov.nist.fdcc.ie7:def:418,,
CCE-3905-7,"The ""Access data sources across domains"" setting should be configured correctly for the Restricted Sites Zone.",enabled/disabled/prompt,"Local Internet Options:
 GPO Settings:[Computer Configuration | User Configuration]/Network/Internet Explorer/Internet Control Panel/Security Page/Restricted Sites Zone
 Registry Keys:[HKLM | HKCU]\Software\Policies\Microsoft\Windows\CurrentVersion\Internet Settings\Zones\4\1406",,CCE-636,"oval:org.mitre.oval:def:652, oval:org.mitre.oval:def:750","AccessDataSourcesAcrossDomains-RestrictedSitesZone-LocalComputer, AccessDataSourcesAcrossDomains-RestrictedSitesZone-LocalUser",AccessDataSourcesAcrossDomains_RestrictedSitesZone_LocalComputer,oval:gov.nist.fdcc.ie7:def:652,,
CCE-4050-1,"The ""Active scripting"" setting should be configured correctly for the Restricted Sites Zone.",enabled/disabled/prompt,"Local Internet Options:
 GPO Settings:[Computer Configuration | User Configuration]/Network/Internet Explorer/Internet Control Panel/Security Page/Restricted Sites Zone
 Registry Keys:[HKLM | HKCU]\Software\Policies\Microsoft\Windows\CurrentVersion\Internet Settings\Zones\4\1400",,CCE-292,"oval:org.mitre.oval:def:293, oval:org.mitre.oval:def:561","AllowActiveScripting-RestrictedSitesZone-LocalComputer, AllowActiveScripting-RestrictedSitesZone-LocalUser",AllowActiveScripting_RestrictedSitesZone_LocalComputer,oval:gov.nist.fdcc.ie7:def:293,,
CCE-4196-2,"The ""Binary and script behaviors"" setting should be configured correctly for the Restricted Sites Zone.",Administrator approved/enabled/disabled,"Local Internet Options:
 GPO Settings:[Computer Configuration | User Configuration]/Network/Internet Explorer/Internet Control Panel/Security Page/Restricted Sites Zone
 Registry Keys:[HKLM | HKCU]\Software\Policies\Microsoft\Windows\CurrentVersion\Internet Settings\Zones\4\2000",,CCE-178,"oval:org.mitre.oval:def:365, oval:org.mitre.oval:def:1314","AllowBinaryAndScriptBehaviors-RestrictedSitesZone-LocalComputer, AllowBinaryAndScriptBehaviors-RestrictedSitesZone-LocalUser",AllowBinaryAndScriptBehaviors_RestrictedSitesZone_LocalComputer,oval:gov.nist.fdcc.ie7:def:365,,
CCE-3337-3,"The ""Drag and drop or copy and paste files"" setting should be configured correctly for the Restricted Sites Zone.",enabled/disabled/prompt,"Local Internet Options:
 GPO Settings:[Computer Configuration | User Configuration]/Network/Internet Explorer/Internet Control Panel/Security Page/Restricted Sites Zone
 Registry Keys:[HKLM | HKCU]\Software\Policies\Microsoft\Windows\CurrentVersion\Internet Settings\Zones\4\1802",,CCE-41,"oval:org.mitre.oval:def:498, oval:org.mitre.oval:def:1465","AllowDragDropOrCopyPasteFiles-RestrictedSitesZone-LocalComputer, AllowDragDropOrCopyPasteFiles-RestrictedSitesZone-LocalUser",AllowDragDropOrCopyPasteFiles_RestrictedSitesZone_LocalComputer,oval:gov.nist.fdcc.ie7:def:498,,
CCE-4150-9,"The ""File download"" setting should be configured correctly for the Restricted Sites Zone.",enabled/disabled,"Local Internet Options:
 GPO Settings:[Computer Configuration | User Configuration]/Network/Internet Explorer/Internet Control Panel/Security Page/Restricted Sites Zone
 Registry Keys:[HKLM | HKCU]\Software\Policies\Microsoft\Windows\CurrentVersion\Internet Settings\Zones\4\1803",,CCE-970,"oval:org.mitre.oval:def:1184, oval:org.mitre.oval:def:1318","AllowFileDownloads-RestrictedSitesZone-LocalComputer, AllowFileDownloads-RestrictedSitesZone-LocalUser",AllowFileDownloads_RestrictedSitesZone_LocalComputer,oval:gov.nist.fdcc.ie7:def:1184,,
CCE-4062-6,"The ""Font download"" setting should be configured correctly for the Restricted Sites Zone.",enabled/disabled/prompt,"Local Internet Options:
 GPO Settings:[Computer Configuration | User Configuration]/Network/Internet Explorer/Internet Control Panel/Security Page/Restricted Sites Zone
 Registry Keys:[HKLM | HKCU]\Software\Policies\Microsoft\Windows\CurrentVersion\Internet Settings\Zones\4\1604",,CCE-882,"oval:org.mitre.oval:def:1109, oval:org.mitre.oval:def:1410","AllowFontDownloads-RestrictedSitesZone-LocalComputer, AllowFontDownloads-RestrictedSitesZone-LocalUser",AllowFontDownloads_RestrictedSitesZone_LocalComputer,oval:gov.nist.fdcc.ie7:def:1109,,
CCE-4079-0,"The ""Installation of desktop items"" setting should be configured correctly for the Restricted Sites Zone.",enabled/disabled/prompt,"Local Internet Options:
 GPO Settings:[Computer Configuration | User Configuration]/Network/Internet Explorer/Internet Control Panel/Security Page/Restricted Sites Zone
 Registry Keys:[HKLM | HKCU]\Software\Policies\Microsoft\Windows\CurrentVersion\Internet Settings\Zones\4\1800",,CCE-763,"oval:org.mitre.oval:def:251, oval:org.mitre.oval:def:1257","AllowInstallationOfDesktopItems-RestrictedSitesZone-LocalComputer, AllowInstallationOfDesktopItems-RestrictedSitesZone-LocalUser",AllowInstallationOfDesktopItems_RestrictedSitesZone_LocalComputer,oval:gov.nist.fdcc.ie7:def:251,,
CCE-4084-0,"The ""Allow META REFRESH"" setting should be configured correctly for the Restricted Sites Zone.",enabled/disabled,"Local Internet Options:
 GPO Settings:[Computer Configuration | User Configuration]/Network/Internet Explorer/Internet Control Panel/Security Page/Restricted Sites Zone
 Registry Keys:[HKLM | HKCU]\Software\Policies\Microsoft\Windows\CurrentVersion\Internet Settings\Zones\4\1608",,CCE-680,"oval:org.mitre.oval:def:1218, oval:org.mitre.oval:def:1270","AllowMETAREFRESH-RestrictedSitesZone-LocalComputer, AllowMETAREFRESH-RestrictedSitesZone-LocalUser",AllowMETAREFRESH_RestrictedSitesZone_LocalComputer,oval:gov.nist.fdcc.ie7:def:1218,,
CCE-4119-4,"The ""Allow script-initiated windows without size or position constraints"" setting should be configured correctly for the Restricted Sites Zone.",enabled/disabled,"Local Internet Options:
 GPO Settings:[Computer Configuration | User Configuration]/Network/Internet Explorer/Internet Control Panel/Security Page/Restricted Sites Zone
 Registry Keys:[HKLM | HKCU]\Software\Policies\Microsoft\Windows\CurrentVersion\Internet Settings\Zones\4\2102",,CCE-208,"oval:org.mitre.oval:def:1234, oval:org.mitre.oval:def:574","AllowScriptInitiatedWindowsWithoutSizeOrPositionConstraints-RestrictedSitesZone-LocalComputer, AllowScriptInitiatedWindowsWithoutSizeOrPositionConstraints-RestrictedSitesZone-LocalUser",AllowScriptInitiatedWindowsWithoutSizeOrPositionConstraints_RestrictedSitesZone_LocalComputer,oval:gov.nist.fdcc.ie7:def:1234,,
CCE-3639-2,"The ""Allow Scriptlets"" setting should be configured correctly for the Restricted Sites Zone.",enabled/disabled/prompt,"Local Internet Options:
 GPO Settings:[Computer Configuration | User Configuration]/Network/Internet Explorer/Internet Control Panel/Security Page/Restricted Sites Zone
 Registry Keys:[HKLM | HKCU]\Software\Policies\Microsoft\Windows\CurrentVersion\Internet Settings\Zones\4\1209",,CCE-838,oval:org.mitre.oval:def:1217,AllowScriptlets-RestrictedSitesZone-LocalComputer,,,,
CCE-4031-1,"The ""Allow status bar updates via script"" setting should be configured correctly for the Restricted Sites Zone.",enabled/disabled,"Local Internet Options:
 GPO Settings:[Computer Configuration | User Configuration]/Network/Internet Explorer/Internet Control Panel/Security Page/Restricted Sites Zone
 Registry Keys:[HKLM | HKCU]\Software\Policies\Microsoft\Windows\CurrentVersion\Internet Settings\Zones\4\1001",,CCE-129,"oval:org.mitre.oval:def:378, oval:org.mitre.oval:def:1320","AllowStatusBarUpdatesViaScript-RestrictedSitesZone-LocalComputer, AllowStatusBarUpdatesViaScript-RestrictedSitesZone-LocalUser",AllowStatusBarUpdatesViaScript_RestrictedSitesZone_LocalComputer,oval:gov.nist.fdcc.ie7:def:378,,
CCE-4053-5,"The ""Automatic prompting for file downloads"" setting should be configured correctly for the Restricted Sites Zone.",enabled/disabled,"Local Internet Options:
 GPO Settings:[Computer Configuration | User Configuration]/Network/Internet Explorer/Internet Control Panel/Security Page/Restricted Sites Zone
 Registry Keys:[HKLM | HKCU]\Software\Policies\Microsoft\Windows\CurrentVersion\Internet Settings\Zones\4\2200",,CCE-175,"oval:org.mitre.oval:def:252, oval:org.mitre.oval:def:1312","AutomaticPromptingFileDownloads-RestrictedSitesZone-LocalComputer, AutomaticPromptingFileDownloads-RestrictedSitesZone-LocalUser",AutomaticPromptingFileDownloads_RestrictedSitesZone_LocalComputer,oval:gov.nist.fdcc.ie7:def:252,,
CCE-4057-6,"The ""Download signed ActiveX controls"" setting should be configured correctly for the Restricted Sites Zone.",enabled/disabled/prompt,"Local Internet Options:
 GPO Settings:[Computer Configuration | User Configuration]/Network/Internet Explorer/Internet Control Panel/Security Page/Restricted Sites Zone
 Registry Keys:[HKLM | HKCU]\Software\Policies\Microsoft\Windows\CurrentVersion\Internet Settings\Zones\4\1001",,CCE-52,"oval:org.mitre.oval:def:1019, oval:org.mitre.oval:def:1389","DownloadSignedActiveXControls-RestrictedSitesZone-LocalComputer, DownloadSignedActiveXControls-RestrictedSitesZone-LocalUser",download_signed_activex_controls_RestrictedSitesZone_LocalComputer,oval:gov.nist.fdcc.ie7:def:1019,,
CCE-3564-2,"The ""Download unsigned ActiveX controls"" setting should be configured correctly for the Restricted Sites Zone.",enabled/disabled/prompt,"Local Internet Options:
 GPO Settings:[Computer Configuration | User Configuration]/Network/Internet Explorer/Internet Control Panel/Security Page/Restricted Sites Zone
 Registry Keys:[HKLM | HKCU]\Software\Policies\Microsoft\Windows\CurrentVersion\Internet Settings\Zones\4\1004",,CCE-1012,"oval:org.mitre.oval:def:949, oval:org.mitre.oval:def:579","DownloadUnsignedActiveXControls-RestrictedSitesZone-LocalComputer, DownloadUnsignedActiveXControls-RestrictedSitesZone-LocalUser",DownloadUnsignedActiveXControls_RestrictedSitesZone_LocalComputer,oval:gov.nist.fdcc.ie7:def:949,,
CCE-4101-2,"The ""Initialize and script ActiveX controls not marked as safe for scripting"" setting should be configured correctly for the Restricted Sites Zone.",enabled/disabled/prompt,"Local Internet Options:
 GPO Settings:[Computer Configuration | User Configuration]/Network/Internet Explorer/Internet Control Panel/Security Page/Restricted Sites Zone
 Registry Keys:[HKLM | HKCU]\Software\Policies\Microsoft\Windows\CurrentVersion\Internet Settings\Zones\4\1201",,CCE-26,"oval:org.mitre.oval:def:273, oval:org.mitre.oval:def:1342","InitializeScriptActiveXControlsNotMarkedAsSafe-RestrictedSitesZone-LocalComputer, InitializeScriptActiveXControlsNotMarkedAsSafe-RestrictedSitesZone-LocalUser",InitializeScriptActiveXControlsNotMarkedAsSafe_RestrictedSitesZone_LocalComputer,oval:gov.nist.fdcc.ie7:def:273,,
CCE-3996-6,"The ""Java permissions"" setting should be configured correctly for the Restricted Sites Zone.",Custom/Disable Java/High safety/Low safety/Medium safety,"Local Internet Options:
 GPO Settings:[Computer Configuration | User Configuration]/Administrative Templates/Windows Components/Internet Explorer/Internet Control Panel/Security Page/Restricted Sites Zone
 Registry Keys:[HKLM | HKCU]\Software\Policies\Microsoft\Windows\CurrentVersion\Internet Settings\Zones\4\1C00",,CCE-925,"oval:org.mitre.oval:def:824, oval:org.mitre.oval:def:732","JavaPermissions-RestrictedSitesZone-LocalComputer, JavaPermissions-RestrictedSitesZone-LocalUser",java_permissions_RestrictedSitesZone_LocalComputer,oval:gov.nist.fdcc.ie7:def:824,,
CCE-4066-7,"The ""Launching programs and files in an IFRAME"" setting should be configured correctly for the Restricted Sites Zone.",enabled/disabled/prompt,"Local Internet Options:
 GPO Settings:[Computer Configuration | User Configuration]/Network/Internet Explorer/Internet Control Panel/Security Page/Restricted Sites Zone
 Registry Keys:[HKLM | HKCU]\Software\Policies\Microsoft\Windows\CurrentVersion\Internet Settings\Zones\4\1804",,CCE-339,"oval:org.mitre.oval:def:274, oval:org.mitre.oval:def:1223","LaunchingApplicationsAndFilesInIFRAME-RestrictedSitesZone-LocalComputer, LaunchingApplicationsAndFilesInIFRAME-RestrictedSitesZone-LocalUser",LaunchingApplicationsAndFilesInIFRAME_RestrictedSitesZone_LocalComputer,oval:gov.nist.fdcc.ie7:def:274,,
CCE-3696-2,"The ""Logon"" setting should be configured correctly for the Restricted Sites Zone.",Anonymous logon/Automatic logon only in Intranet zone/Automatic logon with current user name and password/Prompt for user name and password,"Local Internet Options:
 GPO Settings:[Computer Configuration | User Configuration]/Network/Internet Explorer/Internet Control Panel/Security Page/Restricted Sites Zone
 Registry Keys:[HKLM | HKCU]\Software\Policies\Microsoft\Windows\CurrentVersion\Internet Settings\Zones\4\1A00",,CCE-128,"oval:org.mitre.oval:def:326, oval:org.mitre.oval:def:1378","LogonOptions-RestrictedSitesZone-LocalComputer, LogonOptions-RestrictedSitesZone-LocalUser",LogonOptions_RestrictedSitesZone_LocalComputer,oval:gov.nist.fdcc.ie7:def:326,,
CCE-3590-7,"The ""Loose XAML"" setting should be configured correctly for the Restricted Sites Zone.",enabled/disabled/prompt,"Local Internet Options:
 GPO Settings:[Computer Configuration | User Configuration]/Network/Internet Explorer/Internet Control Panel/Security Page/Restricted Sites Zone
 Registry Keys:[HKLM | HKCU]\Software\Policies\Microsoft\Windows\CurrentVersion\Internet Settings\Zones\4\2402",,CCE-639,oval:org.mitre.oval:def:275,LooseXAMLFiles-RestrictedSitesZone-LocalComputer,LooseXAMLFiles_RestrictedSitesZone_LocalComputer,oval:gov.nist.fdcc.ie7:def:275,,
CCE-4110-3,"The ""Navigate sub-frames across different domains"" setting should be configured correctly for the Restricted Sites Zone.",enabled/disabled/prompt,"Local Internet Options:
 GPO Settings:[Computer Configuration | User Configuration]/Network/Internet Explorer/Internet Control Panel/Security Page/Restricted Sites Zone
 Registry Keys:[HKLM | HKCU]\Software\Policies\Microsoft\Windows\CurrentVersion\Internet Settings\Zones\4\1607",,CCE-995,"oval:org.mitre.oval:def:1229, oval:org.mitre.oval:def:1292","NavigateSub-framesAcrossDifferentDomains-RestrictedSitesZone-LocalComputer, NavigateSub-framesAcrossDifferentDomains-RestrictedSitesZone-LocalUser",NavigateSub-framesAcrossDifferentDomains_RestrictedSitesZone_LocalComputer,oval:gov.nist.fdcc.ie7:def:1229,,
CCE-4132-7,"The ""Open files based on content, not file extension"" setting should be configured correctly for the Restricted Sites Zone.",enabled/disabled,"Local Internet Options:
 GPO Settings:[Computer Configuration | User Configuration]/Network/Internet Explorer/Internet Control Panel/Security Page/Restricted Sites Zone
 Registry Keys:[HKLM | HKCU]\Software\Policies\Microsoft\Windows\CurrentVersion\Internet Settings\Zones\4\2100",,CCE-409,"oval:org.mitre.oval:def:706, oval:org.mitre.oval:def:1421","OpenFilesBasedOnContent-RestrictedSitesZone-LocalComputer, OpenFilesBasedOnContent-RestrictedSitesZone-LocalUser",OpenFilesBasedOnContent_RestrictedSitesZone_LocalComputer,oval:gov.nist.fdcc.ie7:def:706,,
CCE-3400-9,"The ""Run components not signed with Authenticode"" setting should be configured correctly for the Restricted Sites Zone.",enabled/disabled/prompt,"Local Internet Options:
 GPO Settings:[Computer Configuration | User Configuration]/Network/Internet Explorer/Internet Control Panel/Security Page/Restricted Sites Zone
 Registry Keys:[HKLM | HKCU]\Software\Policies\Microsoft\Windows\CurrentVersion\Internet Settings\Zones\4\2004",,CCE-678,"oval:org.mitre.oval:def:329, oval:org.mitre.oval:def:599","RunNETFrameworkReliantComponentsNotSignedWithAuthenticode-RestrictedSitesZone-LocalComputer, RunNETFrameworkReliantComponentsNotSignedWithAuthenticode-RestrictedSitesZone-LocalUser",RunNETFrameworkReliantComponentsNotSignedWithAuthenticode_RestrictedSitesZone_LocalComputer,oval:gov.nist.fdcc.ie7:def:329,,
CCE-4158-2,"The ""Run components signed with Authenticode"" setting should be configured correctly for the Restricted Sites Zone.",enabled/disabled/prompt,"Local Internet Options:
 GPO Settings:[Computer Configuration | User Configuration]/Network/Internet Explorer/Internet Control Panel/Security Page/Restricted Sites Zone
 Registry Keys:[HKLM | HKCU]\Software\Policies\Microsoft\Windows\CurrentVersion\Internet Settings\Zones\4\2001",,CCE-563,"oval:org.mitre.oval:def:276, oval:org.mitre.oval:def:1428","RunNETFrameworkReliantComponentsSignedWithAuthenticode-RestrictedSitesZone-LocalComputer, RunNETFrameworkReliantComponentsSignedWithAuthenticode-RestrictedSitesZone-LocalUser",RunNETFrameworkReliantComponentsSignedWithAuthenticode_RestrictedSitesZone_LocalComputer,oval:gov.nist.fdcc.ie7:def:276,,
CCE-4163-2,"The ""Run ActiveX controls and plugins"" setting should be configured correctly for the Restricted Sites Zone.",Administrator approved/enabled/disabled/prompt,"Local Internet Options:
 GPO Settings:[Computer Configuration | User Configuration]/Network/Internet Explorer/Internet Control Panel/Security Page/Restricted Sites Zone
 Registry Keys:[HKLM | HKCU]\Software\Policies\Microsoft\Windows\CurrentVersion\Internet Settings\Zones\4\1200",,CCE-841,"oval:org.mitre.oval:def:571, oval:org.mitre.oval:def:1594","RunActiveXControlsAndPlugins-RestrictedSitesZone-LocalComputer, RunActiveXControlsAndPlugins-RestrictedSitesZone-LocalUser",RunActiveXControlsAndPlugins_RestrictedSitesZone_LocalComputer,oval:gov.nist.fdcc.ie7:def:571,,
CCE-4202-8,"The ""Script ActiveX controls marked safe for scripting"" setting should be configured correctly for the Restricted Sites Zone.",enabled/disabled/prompt,"Local Internet Options:
 GPO Settings:[Computer Configuration | User Configuration]/Network/Internet Explorer/Internet Control Panel/Security Page/Restricted Sites Zone
 Registry Keys:[HKLM | HKCU]\Software\Policies\Microsoft\Windows\CurrentVersion\Internet Settings\Zones\4\1405",,CCE-973,"oval:org.mitre.oval:def:602, oval:org.mitre.oval:def:1274","ScriptActiveXControlsMarkedSafeForScripting-RestrictedSitesZone-LocalComputer, ScriptActiveXControlsMarkedSafeForScripting-RestrictedSitesZone-LocalUser",ScriptActiveXControlsMarkedSafeForScripting_RestrictedSitesZone_LocalComputer,oval:gov.nist.fdcc.ie7:def:602,,
CCE-3216-9,"The ""Scripting of Java applets"" setting should be configured correctly for the Restricted Sites Zone.",enabled/disabled/prompt,"Local Internet Options:
 GPO Settings:[Computer Configuration | User Configuration]/Network/Internet Explorer/Internet Control Panel/Security Page/Restricted Sites Zone
 Registry Keys:[HKLM | HKCU]\Software\Policies\Microsoft\Windows\CurrentVersion\Internet Settings\Zones\4\1402",,CCE-1000,"oval:org.mitre.oval:def:280, oval:org.mitre.oval:def:641","ScriptingOfJavaApplets-RestrictedSitesZone-LocalComputer, ScriptingOfJavaApplets-RestrictedSitesZone-LocalUser",ScriptingOfJavaApplets_RestrictedSitesZone_LocalComputer,oval:gov.nist.fdcc.ie7:def:280,,
CCE-3855-4,"The ""Software channel permissions"" setting should be configured correctly for the Restricted Sites Zone.",High safety/low safety/medium safety,"Local Internet Options:
 GPO Settings:[Computer Configuration | User Configuration]/Network/Internet Explorer/Internet Control Panel/Security Page/Restricted Sites Zone
 Registry Keys:[HKLM | HKCU]\Software\Policies\Microsoft\Windows\CurrentVersion\Internet Settings\Zones\4\1E05",,CCE-520,"oval:org.mitre.oval:def:290, oval:org.mitre.oval:def:1214","SoftwareChannelPermissions-RestrictedSitesZone-LocalComputer, SoftwareChannelPermissions-RestrictedSitesZone-LocalUser",SoftwareChannelPermissions_RestrictedSitesZone_LocalComputer,oval:gov.nist.fdcc.ie7:def:290,,
CCE-4018-8,"The ""Use Pop-up Blocker"" setting should be configured correctly for the Restricted Sites Zone.",enabled/disabled,"Local Internet Options:
 GPO Settings:[Computer Configuration | User Configuration]/Network/Internet Explorer/Internet Control Panel/Security Page/Restricted Sites Zone
 Registry Keys:[HKLM | HKCU]\Software\Policies\Microsoft\Windows\CurrentVersion\Internet Settings\Zones\4\1809",,CCE-660,"oval:org.mitre.oval:def:1100, oval:org.mitre.oval:def:1286","UsePop-upBlocker-RestrictedSitesZone-LocalComputer, UsePop-upBlocker-RestrictedSitesZone-LocalUser",UsePop-upBlocker_RestrictedSitesZone_LocalComputer,oval:gov.nist.fdcc.ie7:def:1100,,
CCE-4040-2,"The ""Userdata persistence"" setting should be configured correctly for the Restricted Sites Zone.",enabled/disabled,"Local Internet Options:
 GPO Settings:[Computer Configuration | User Configuration]/Network/Internet Explorer/Internet Control Panel/Security Page/Restricted Sites Zone
 Registry Keys:[HKLM | HKCU]\Software\Policies\Microsoft\Windows\CurrentVersion\Internet Settings\Zones\4\1606",,CCE-28,oval:org.mitre.oval:def:300,UserdataPersistence-RestrictedSitesZone-LocalComputer,UserdataPersistence_RestrictedSitesZone_LocalComputer,oval:gov.nist.fdcc.ie7:def:300,,
CCE-4215-0,"The ""Web sites in less privileged Web content zones can navigate into this zone"" setting should be configured correctly for the Restricted Sites Zone.",enabled/disabled/prompt,"Local Internet Options:
 GPO Settings:[Computer Configuration | User Configuration]/Network/Internet Explorer/Internet Control Panel/Security Page/Restricted Sites Zone
 Registry Keys:[HKLM | HKCU]\Software\Policies\Microsoft\Windows\CurrentVersion\Internet Settings\Zones\4\2101",,CCE-698,"oval:org.mitre.oval:def:1219, oval:org.mitre.oval:def:1243","WebSitesInLessPrivilegedWebContentZonesCanNavigateIntoThisZone-RestrictedSitesZone-LocalComputer, WebSitesInLessPrivilegedWebContentZonesCanNavigateIntoThisZone-RestrictedSitesZone-LocalUser",WebSitesInLessPrivilegedWebContentZonesCanNavigateIntoThisZone_RestrictedSitesZone_LocalComputer,oval:gov.nist.fdcc.ie7:def:1219,,
CCE-3991-7,"The ""XPS documents"" setting should be configured correctly for the Restricted Sites Zone.",enabled/disabled/prompt,"Local Internet Options:
 GPO Settings:[Computer Configuration | User Configuration]/Network/Internet Explorer/Internet Control Panel/Security Page/Restricted Sites Zone
 Registry Keys:[HKLM | HKCU]\Software\Policies\Microsoft\Windows\CurrentVersion\Internet Settings\Zones\4\2401",,CCE-460,oval:org.mitre.oval:def:1176,XPSFiles-RestrictedSitesZone-LocalComputer,,,,
CCE-3264-9,"The ""Display mixed content"" setting should be configured correctly for the Restricted Sites Zone.",enabled/disabled/prompt,"Local Internet Options:
 GPO Settings:[Computer Configuration | User Configuration]/Network/Internet Explorer/Internet Control Panel/Security Page/Locked-Down Restricted Sites Zone
 Registry Keys:[HKLM | HKCU]\Software\Policies\Microsoft\Windows\CurrentVersion\Internet Settings\Lockdown_Zones\4\1609",,CCE-30,oval:org.mitre.oval:def:314,DisplayMixedContent-LockedDownRestrictedSitesZone-LocalComputer,display_mixed_content-LockedDownRestrictedSitesZone_LocalComputer,oval:gov.nist.fdcc.ie7:def:314,,
CCE-4087-3,"The ""Display mixed content"" setting should be configured correctly for the Trusted Sites Zone.",enabled/disabled/prompt,"Local Internet Options:
 GPO Settings:[Computer Configuration | User Configuration]/Network/Internet Explorer/Internet Control Panel/Security Page/Trusted Sites Zone
 Registry Keys:[HKLM | HKCU]\Software\Policies\Microsoft\Windows\CurrentVersion\Internet Settings\Zones\2\1609",,CCE-31,oval:org.mitre.oval:def:1153,DisplayMixedContent-TrustedSitesZone-LocalComputer,display_mixed_content_trusted_sites_zone_local_computer,oval:gov.nist.fdcc.ie7:def:1153,,
CCE-4232-5,"The ""Display mixed content"" setting should be configured correctly for the Locked Down Trusted Sites Zone.",enabled/disabled/prompt,"Local Internet Options:
 GPO Settings:[Computer Configuration | User Configuration]/Network/Internet Explorer/Internet Control Panel/Security Page/Locked-Down Trusted Sites Zone
 Registry Keys:[HKLM | HKCU]\Software\Policies\Microsoft\Windows\CurrentVersion\Internet Settings\Lockdown_Zones\2\1609",,CCE-666,oval:org.mitre.oval:def:1183,DisplayMixedContent-LockedDownTrustedSitesZone-LocalComputer,display_mixed_content_LockedDowntrusted_sites_zone_local_computer,oval:gov.nist.fdcc.ie7:def:1183,,
CCE-4259-8,"The ""Enable Native XMLHttp Support"" setting should be configured correctly.",enabled/disabled,"Local Internet Options:
 GPO Settings:[Computer Configuration | User Configuration]/Network/Internet Explorer/Internet Control Panel/Security Features
 Registry Keys:[HKLM | HKCU]\Software\Policies\Microsoft\Internet Explorer\Main\XMLHTTP",,CCE-528,oval:org.mitre.oval:def:338,EnableNativeXMLHttpSupport-LocalComputer,EnableNativeXMLHttpSupport_LocalComputer,oval:gov.nist.fdcc.ie7:def:338,,
CCE-3647-5,"The ""Turn on the auto-complete feature for user names and passwords on form"" setting should be configured correctly. ",enabled/disabled,"HKCU\Software\Policies\Microsoft\Internet Explorer\Main\FormSuggest Passwords
 HKCU\Software\Policies\Microsoft\Internet Explorer\Control Panel\FormSuggest Passwords",,CCE-721,oval:org.mitre.oval:def:645,DisableSaveThisProgramToDiskOption-LocalUser,TurnOnAutoCompleteFeatureForUserNamesAndPasswords_LocalUser,oval:gov.nist.fdcc.ie7:def:645,,
CCE-3677-2,"The ""Allow Install On Demand (Internet Explorer)"" setting should be configured correctly.",enabled/disabled,HKCU\Software\Policies\Microsoft\Internet Explorer\Main\NoJITSetup,,CCE-69,oval:org.mitre.oval:def:523,AllowInstallOnDemandIE-LocalUser,allow_install_on_demand_ie_local_computer,oval:gov.nist.fdcc.ie7:def:9999,,
CCE-4056-8,"The ""Turn off page transitions"" setting should be configured correctly.",enabled/disabled,HKCU\Software\Policies\Microsoft\Internet Explorer\Main\Page_Transitions,,CCE-71,oval:org.mitre.oval:def:1206,TurnOffPageTransitions-LocalUser,TurnOffPageTransitions_LocalUser,oval:gov.nist.fdcc.ie7:def:1206,,
CCE-4246-5,"The ""Disable AutoComplete for forms"" setting should be configured correctly. ",enabled/disabled,"HKCU\Software\Policies\Microsoft\Internet Explorer\Main\Use FormSuggest
 HKCU\Software\Policies\Microsoft\Internet Explorer\Control Panel\FormSuggest",,CCE-478,oval:org.mitre.oval:def:1516,DisableAutoCompleteForForms-LocalUser,DisableAutoCompleteForForms_LocalUser,oval:gov.nist.fdcc.ie7:def:1516,,
CCE-4214-3,"The ""Disable Save this program to disk option"" setting should be configured correctly.",enabled/disabled,HKCU\Software\Policies\Microsoft\Internet Explorer\Restrictions\NoSelectDownloadDir,,CCE-412,oval:org.mitre.oval:def:505,AllowInstallOnDemandIE-LocalUser,,,,
CCE-3606-1,"The ""Disable changing certificate settings"" setting should be configured correctly.",enabled/disabled,HKCU\Software\Policies\Microsoft\Internet Explorer\Control Panel\Certificates,,CCE-1037,oval:org.mitre.oval:def:1362,DisableChangingCertificateSettings-LocalUser,,,,
CCE-4237-4,"The ""Disable external branding of Internet Explorer"" setting should be configured correctly.",enabled/disabled,HKCU\Software\Policies\Microsoft\Internet Explorer\Restrictions\NoExternalBranding,,CCE-1051,oval:org.mitre.oval:def:1384,DisableExternalBrandingOfIE-LocalUser,DisableExternalBrandingOfIE_LocalUser,oval:gov.nist.fdcc.ie7:def:1384,,
CCE-3275-5,"The ""Configure Outlook Express"" setting should be configured correctly",enabled/disabled,HKCU\Software\Microsoft\Outlook Express\BlockExeAttachments,,CCE-963,oval:org.mitre.oval:def:1238,ConfigureOutlookExpress-LocalUser,configure_outlook_express_local_user,oval:gov.nist.fdcc.ie7:def:1238,,
CCE-4036-0,"The ""Turn on the Internet Connection Wizard Auto Detect"" setting should be configured correctly.",enabled/disabled,HKCU\Software\Policies\Microsoft\Internet Connection Wizard\DisableICW,,CCE-258,oval:org.mitre.oval:def:604,InternetConnectionWizardSettings-LocalUser,TurnOnInternetConnectionWizardAutoDetect_LocalUser,oval:gov.nist.fdcc.ie7:def:604,,
CCE-3825-7,"The ""Disable Internet Connection wizard"" setting should be configured correctly.",enabled/disabled,HKCU\Software\Policies\Microsoft\Internet Explorer\Control Panel\Connwiz Admin Lock,,CCE-769,oval:org.mitre.oval:def:1355,DisableInternetConnectionWizard-LocalUser,DisableInternetConnectionWizard_LocalUser,oval:gov.nist.fdcc.ie7:def:1355,,
CCE-4226-7,"The ""Disable the Reset Web Settings feature"" should be configured correctly.",enabled/disabled,HKCU\Software\Policies\Microsoft\Internet Explorer\Control Panel\ResetWebSettings,,CCE-625,oval:org.mitre.oval:def:1437,DisableResetWebSettingsFeature-LocalUser,DisableResetWebSettingsFeature_LocalUser,oval:gov.nist.fdcc.ie7:def:1437,,
CCE-4120-2,"The ""Disable Downloading Of Site Subscription Content"" setting should be configured correctly.",enabled/disabled,HKCU\Software\Policies\Microsoft\Internet Explorer\Infodelivery\Restrictions\NoSubscriptionContent,,CCE-74,oval:org.mitre.oval:def:1080,DisableDownloadingOfSiteSubscriptionContent-LocalUser,,,,
CCE-4248-1,"The ""Disable Adding Schedules For Offline Pages"" setting should be configured correctly.",enabled/disabled,HKCU\Software\Policies\Microsoft\Internet Explorer\Infodelivery\Restrictions\NoAddingSubscriptions,,CCE-122,oval:org.mitre.oval:def:1293,DisableAddingSchedulesForOfflinePages-LocalUser,,,,
CCE-3389-4,"The ""Disable Adding Channels"" setting should be configured correctly.",enabled/disabled,HKCU\Software\Policies\Microsoft\Internet Explorer\Infodelivery\Restrictions\NoAddingChannels,,CCE-716,oval:org.mitre.oval:def:1383,DisableAddingChannels-LocalUser,,,,
CCE-3645-9,"The ""Disable Editing And Creating Of Schedule Groups"" setting should be configured correctly.",enabled/disabled,HKCU\Software\Policies\Microsoft\Internet Explorer\Infodelivery\Restrictions\NoEditingScheduleGroups,,CCE-610,oval:org.mitre.oval:def:1397,DisableEditingAndCreatingOfScheduleGroups-LocalUser,,,,
CCE-3940-4,"The ""Disable All Scheduled Offline Pages"" setting should be configured correctly.",enabled/disabled,HKCU\Software\Policies\Microsoft\Internet Explorer\Infodelivery\Restrictions\NoScheduledUpdates,,CCE-619,oval:org.mitre.oval:def:1501,DisableAllScheduledOfflinePages-LocalUser,,,,
CCE-3821-6,"The ""Disable Editing Schedules For Offline Pages"" setting should be configured correctly.",enabled/disabled,HKCU\Software\Policies\Microsoft\Internet Explorer\Infodelivery\Restrictions\NoEditingSubscriptions,,CCE-373,oval:org.mitre.oval:def:1565,DisableEditingSchedulesForOfflinePages-LocalUser,,,,
CCE-3742-4,"The ""Disable Channel User Interface Completely"" setting should be configured correctly.",enabled/disabled,HKCU\Software\Policies\Microsoft\Internet Explorer\Infodelivery\Restrictions\NoChannelUI,,CCE-298,oval:org.mitre.oval:def:1782,DisableChannelUserInterfaceCompletely-LocalUser,,,,
CCE-4261-4,"The ""Disable Removing Channels"" setting should be configured correctly.",enabled/disabled,HKCU\Software\Policies\Microsoft\Internet Explorer\Infodelivery\Restrictions\NoRemovingChannels,,CCE-1069,oval:org.mitre.oval:def:1801,DisableRemovingChannels-LocalUser,,,,
CCE-4190-5,"The ""Disable Removing Schedules For Offline Pages"" setting should be configured correctly.",enabled/disabled,HKCU\Software\Policies\Microsoft\Internet Explorer\Infodelivery\Restrictions\NoRemovingSubscriptions,,CCE-615,oval:org.mitre.oval:def:1954,DisableRemovingSchedulesForOfflinePages-LocalUser,,,,
CCE-4208-5,"The ""Disable Offline Page Hit Logging"" setting should be configured correctly.",enabled/disabled,HKCU\Software\Policies\Microsoft\Internet Explorer\Infodelivery\Restrictions\NoChannelLogging,,CCE-1003,oval:org.mitre.oval:def:2026,DisableOfflinePageHitLogging-LocalUser,,,,
CCE-3754-9,"The ""Java permissions"" setting should be configured correctly for the Locked Down Intranet Zone.",Custom/Disable Java/High safety/Low safety/Medium safety,"Local Internet Options:
 GPO Settings:[Computer Configuration | User Configuration]/Administrative Templates/Windows Components/Internet Explorer/Internet Control Panel/Security Page/Locked-Down Intranet Zone/Java permissions
 Registry Keys:[HKLM | HKCU]\Software\Policies\Microsoft\Windows\CurrentVersion\Internet Settings\Lockdown_Zones\1\1C00",,CCE-320,oval:org.mitre.oval:def:2039,JavaPermissions-LockedDownIntranetZone-LocalComputer,java_permissions_LockedDownintranet_zone_local_computer,oval:gov.nist.fdcc.ie7:def:2039,,
CCE-3891-9,"The ""Java permissions"" setting should be configured correctly for the Local Machine Zone.",Custom/Disable Java/High safety/Low safety/Medium safety,"Local Internet Options:
 GPO Settings:[Computer Configuration | User Configuration]/Administrative Templates/Windows Components/Internet Explorer/Internet Control Panel/Security Page/Local Machine Zone/Java permissions
 Registry Keys:[HKLM | HKCU]\Software\Policies\Microsoft\Windows\CurrentVersion\Internet Settings\Zones\0\1C00",,CCE-138,oval:org.mitre.oval:def:1422,JavaPermissions-LocalMachineZone-LocalComputer,java_permissions_local_machine_zone_local_computer,oval:gov.nist.fdcc.ie7:def:1422,,
CCE-4160-8,"The ""Java permissions"" setting should be configured correctly for the Locked Down Local Machine Zone.",Custom/Disable Java/High safety/Low safety/Medium safety,"Local Internet Options:
 GPO Settings:[Computer Configuration | User Configuration]/Administrative Templates/Windows Components/Internet Explorer/Internet Control Panel/Security Page/Locked-Down Local Machine Zone/Java permissions
 Registry Keys:[HKLM | HKCU]\Software\Policies\Microsoft\Windows\CurrentVersion\Internet Settings\Lockdown_Zones\0\1C00",,CCE-1045,oval:org.mitre.oval:def:1986,JavaPermissions-LockedDownLocalMachineZone-LocalComputer,java_permissions_LockedDownlocal_machine_zone_local_computer,oval:gov.nist.fdcc.ie7:def:1986,,
CCE-4763-9,"Computer-wide, rather than per-user, assignment of sites to zones for Internet Explorer should be enabled or disabled as appropriate.","enabled, disabled, or not configured",GPO Setting: Computer Configuration\Administrative Templates\Windows Components\Internet Explorer\Internet Control Panel\Security Page\Site to Zone Assignment List,,CCE-1005,,,site_to_zone_assignment_list_local_computer,oval:gov.nist.fdcc.ie7:def:9998,,
CCE-4643-3,"The ""Turn on Protected Mode"" setting should be configured correctly for the Internet Zone.",enabled/disabled,GPO Setting: Computer Configuration\Administrative Templates\Windows Components\Internet Explorer\Internet Control Panel\Security Page\Internet Zone\Turn on Protected Mode,,CCE-281,,,TurnOnProtectedMode_InternetZone_LocalComputer,oval:gov.nist.fdcc.ie7:def:111999,,
CCE-4652-4,"The ""Java permissions"" setting should be configured correctly for the Intranet Zone.",Custom/Disable Java/High safety/Low safety/Medium safety,"Local Internet Options:
 GPO Settings:[Computer Configuration | User Configuration]/Administrative Templates/Windows Components/Internet Explorer/Internet Control Panel/Security Page/Intranet Zone/Java permissions
 Registry Keys:[HKLM | HKCU]\Software\Policies\Microsoft\Windows\CurrentVersion\Internet Settings\Zones\1\1C00",,CCE-218,,,java_permissions_intranet_zone_local_computer,oval:gov.nist.fdcc.ie7:def:1883,,
CCE-4793-6,"The ""Download signed ActiveX controls"" setting should be configured correctly for the Locked-Down Internet Zone.",enabled/disabled/prompt,GPO Settings:[Computer Configuration | User Configuration]/Network/Internet Explorer/Internet Control Panel/Security Page/Locked-Down Internet Zone\Download signed ActiveX controls,,CCE-308,,,download_signed_activex_controls_locked_down_internet_zone_local_computer,oval:gov.nist.fdcc.ie7:def:24599,,
CCE-4692-0,"The ""Java permissions"" setting should be configured correctly for the Locked Down Internet Zone.",Custom/Disable Java/High safety/Low safety/Medium safety,"Local Internet Options:
 GPO Settings:[Computer Configuration | User Configuration]/Administrative Templates/Windows Components/Internet Explorer/Internet Control Panel/Security Page/Locked-Down Internet Zone/Java permissions
 Registry Keys:[HKLM | HKCU]\Software\Policies\Microsoft\Windows\CurrentVersion\Internet Settings\Lockdown_Zones\3\1C00",,CCE-781,,,java_permissions_locked_down_internet_zone_local_computer,oval:gov.nist.fdcc.ie7:def:1419,,
CCE-3902-4,"The ""Java permissions"" setting should be configured correctly for the Locked Down Restricted Sites Zone.",Custom/Disable Java/High safety/Low safety/Medium safety,"Local Internet Options:
 GPO Settings:[Computer Configuration | User Configuration]/Administrative Templates/Windows Components/Internet Explorer/Internet Control Panel/Security Page/Locked-Down Restricted Sites Zone/Java permissions
 Registry Keys:[HKLM | HKCU]\Software\Policies\Microsoft\Windows\CurrentVersion\Internet Settings\Lockdown_Zones\4\1C00",,CCE-1088,,,java_permissions_LockedDownRestrictedSitesZone_LocalComputer,oval:gov.nist.fdcc.ie7:def:1753,,
CCE-4546-8,"The ""Allow status bar updates via script"" setting should be configured correctly for the Locked-Down Trusted Sites Zone.",enabled/disabled,GPO Settings:[Computer Configuration | User Configuration]/Network/Internet Explorer/Internet Control Panel/Security Page/Locked-Down Trusted Sites Zone\Allow status bar updates via script,,CCE-1147,,,AllowStatusBarUpdatesViaScript_LockedDowntrusted_sites_zone_local_computer,oval:gov.nist.fdcc.ie7:def:118399,,
CCE-4564-1,"The ""Java permissions"" setting should be configured correctly for the Locked Down Trusted Sites Zone.",Custom/Disable Java/High safety/Low safety/Medium safety,"Local Internet Options:
 GPO Settings:[Computer Configuration | User Configuration]/Administrative Templates/Windows Components/Internet Explorer/Internet Control Panel/Security Page/Locked-Down Trusted Sites Zone/Java permissions
 Registry Keys:[HKLM | HKCU]\Software\Policies\Microsoft\Windows\CurrentVersion\Internet Settings\Lockdown_Zones\2\1C00",,CCE-140,,,java_permissions_LockedDowntrusted_sites_zone_local_computer,oval:gov.nist.fdcc.ie7:def:1699,,
CCE-3909-9,"The ""Turn on Protected Mode"" setting should be configured correctly for the Restricted Sites Zone.",enabled/disabled,"GPO Setting: Computer Configuration\Administrative Templates\Windows Components\Internet Explorer\Internet Control Panel\Security Page\Restricted Sites Zone\Turn on Protected Mode 
Registry Keys:[HKLM|HKCU]\Software\Policies\Microsoft\Windows\CurrentVersion\Internet Settings\Zones\4\2500",,CCE-1211,,,TurnOnProtectedMode_RestrictedSitesZone_LocalComputer,oval:gov.nist.fdcc.ie7:def:62199,,
CCE-4845-4,"The ""Java permissions"" setting should be configured correctly for the Trusted Sites Zone.",Custom/Disable Java/High safety/Low safety/Medium safety,"Local Internet Options:
 GPO Settings:[Computer Configuration | User Configuration]/Administrative Templates/Windows Components/Internet Explorer/Internet Control Panel/Security Page/Trusted Sites Zone/Java permissions
 Registry Keys:[HKLM | HKCU]\Software\Policies\Microsoft\Windows\CurrentVersion\Internet Settings\Zones\2\1C00",,CCE-675,,,java_permissions_trusted_sites_zone_local_computer,oval:gov.nist.fdcc.ie7:def:1379,,
CCE-18394-7,The 'Allow scripting of Internet Explorer web browser control' setting should be configured correctly for the Internet Zone.,enabled/disabled/prompt,"(1) HKLM\Software\Policies\Microsoft\Windows\CurrentVersion\Internet Settings\Zones\3\1206

(2) Computer Configuration\Administrative Templates\Windows Components\Internet Explorer\Internet Control Panel\Security Page\Internet Zone\Allow scripting of Internet Explorer web browser control",,,,,,,AllowScriptingOfInternetExplorerWebBrowserControl_InternetZone_LocalComputer,oval:gov.nist.USGCB.ie7:def:31098
CCE-18552-0,The 'Include local directory path when uploading files to a server' setting should be configured correctly for the Internet Zone.,enabled/disabled/prompt,"(1) HKLM\Software\Policies\Microsoft\Windows\CurrentVersion\Internet Settings\Zones\3\160A

(2) Computer Configuration\Administrative Templates\Windows Components\Internet Explorer\Internet Control Panel\Security Page\Internet Zone\Include local directory path when uploading files to a server",,,,,,,IncludeLocalDirectoryPathWhenUploadingFilesToAServer_InternetZone_LocalComputer,oval:gov.nist.USGCB.ie7:def:31099
CCE-18467-1,The 'Launching programs and unsafe files' setting should be configured correctly for the Internet Zone.,enabled/disabled/prompt,"(1) HKLM\Software\Policies\Microsoft\Windows\CurrentVersion\Internet Settings\Zones\3\1806

(2) Computer Configuration\Administrative Templates\Windows Components\Internet Explorer\Internet Control Panel\Security Page\Internet Zone\Launching programs and unsafe files",,,,,,,LaunchingProgramsAndUnsafeFiles_InternetZone_LocalComputer,oval:gov.nist.USGCB.ie7:def:31100
CCE-18731-0,The 'Run .NET Framework-reliant components not signed with Authenticode' setting should be configured correctly for the Internet Zone.,enabled/disabled/prompt,"(1) HKLM\Software\Policies\Microsoft\Windows\CurrentVersion\Internet Settings\Zones\3\2004

(2) Computer Configuration\Administrative Templates\Windows Components\Internet Explorer\Internet Control Panel\Security Page\Internet Zone\Run .NET Framework-reliant components not signed with Authenticode",,,,,,,RunNETFrameworkReliantComponentsNotSignedWithAuthenticode_InternetZone_LocalComputer,oval:gov.nist.USGCB.ie7:def:31035
CCE-18230-3,The 'Run .NET Framework-reliant components signed with Authenticode' setting should be configured correctly for the Internet Zone.,enabled/disabled/prompt,"(1) HKLM\Software\Policies\Microsoft\Windows\CurrentVersion\Internet Settings\Zones\3\2001

(2) Computer Configuration\Administrative Templates\Windows Components\Internet Explorer\Internet Control Panel\Security Page\Internet Zone\Run .NET Framework-reliant components signed with Authenticode",,,,,,,RunNETFrameworkReliantComponentsSignedWithAuthenticode_InternetZone_LocalComputer,oval:gov.nist.USGCB.ie7:def:31036
CCE-18912-6,The 'Allow scripting of Internet Explorer web browser control' setting should be configured correctly for the Restricted Sites Zone.,enabled/disabled/prompt,"(1) HKLM\Software\Policies\Microsoft\Windows\CurrentVersion\Internet Settings\Zones\4\1206

(2) Computer Configuration\Administrative Templates\Windows Components\Internet Explorer\Internet Control Panel\Security Page\Restricted Sites Zone\Allow scripting of Internet Explorer web browser control",,,,,,,AllowScriptingOfInternetExplorerWebBrowserControl_RestrictedSitesZone_LocalComputer,oval:gov.nist.USGCB.ie7:def:31103
CCE-18738-5,The 'Include local directory path when uploading files to a server' setting should be configured correctly for the Restricted Sites Zone.,enabled/disabled/prompt,"(1) HKLM\Software\Policies\Microsoft\Windows\CurrentVersion\Internet Settings\Zones\4\160A

(2) Computer Configuration\Administrative Templates\Windows Components\Internet Explorer\Internet Control Panel\Security Page\Restricted Sites Zone\Include local directory path when uploading files to a server",,,,,,,IncludeLocalDirectoryPathWhenUploadingFilesToAServer_RestrictedSitesZone_LocalComputer,oval:gov.nist.USGCB.ie7:def:31104
CCE-18137-0,The 'Launching programs and unsafe files' setting should be configured correctly for the Restricted Sites Zone.,enabled/disabled/prompt,"(1) HKLM\Software\Policies\Microsoft\Windows\CurrentVersion\Internet Settings\Zones\4\1806

(2) Computer Configuration\Administrative Templates\Windows Components\Internet Explorer\Internet Control Panel\Security Page\Restricted Sites Zone\Launching programs and unsafe files",,,,,,,LaunchingProgramsAndUnsafeFiles_RestrictedSitesZone_LocalComputer,oval:gov.nist.USGCB.ie7:def:31105
